<?xml version="1.0" encoding="UTF-8"?>
<osm version="0.6" generator="Overpass API 0.7.62.11 87bfad18">
<note>The data included in this document is from www.openstreetmap.org. The data is made available under ODbL.</note>
<meta osm_base="2026-04-13T12:12:44Z"/>

  <bounds minlat="41.2023392" minlon="29.0688210" maxlat="41.2099495" maxlon="29.0781498"/>

  <node id="353737043" lat="41.1979739" lon="29.0676325" version="2" timestamp="2009-02-28T11:56:28Z" changeset="700294" uid="18675" user="JeLuF"/>
  <node id="353737044" lat="41.1983282" lon="29.0681264" version="6" timestamp="2019-10-01T08:32:31Z" changeset="75136209" uid="9206516" user="erenozdemir"/>
  <node id="353737045" lat="41.1986894" lon="29.0686843" version="4" timestamp="2019-10-01T08:32:31Z" changeset="75136209" uid="9206516" user="erenozdemir"/>
  <node id="353737046" lat="41.1995755" lon="29.0693491" version="2" timestamp="2009-02-28T11:56:29Z" changeset="700294" uid="18675" user="JeLuF"/>
  <node id="353737047" lat="41.2003053" lon="29.0698126" version="2" timestamp="2009-02-28T11:56:29Z" changeset="700294" uid="18675" user="JeLuF"/>
  <node id="353737048" lat="41.2011642" lon="29.0699242" version="2" timestamp="2009-02-28T11:56:29Z" changeset="700294" uid="18675" user="JeLuF"/>
  <node id="353737049" lat="41.2019520" lon="29.0699929" version="2" timestamp="2009-02-28T11:56:29Z" changeset="700294" uid="18675" user="JeLuF"/>
  <node id="353737050" lat="41.2027851" lon="29.0700100" version="5" timestamp="2009-02-28T12:52:36Z" changeset="700294" uid="18675" user="JeLuF"/>
  <node id="353737051" lat="41.2034761" lon="29.0696667" version="4" timestamp="2009-02-28T12:52:36Z" changeset="700294" uid="18675" user="JeLuF"/>
  <node id="353737054" lat="41.2039927" lon="29.0695380" version="4" timestamp="2009-02-28T12:52:36Z" changeset="700294" uid="18675" user="JeLuF"/>
  <node id="353737055" lat="41.2045997" lon="29.0696667" version="4" timestamp="2009-02-28T12:52:36Z" changeset="700294" uid="18675" user="JeLuF"/>
  <node id="353737057" lat="41.2050840" lon="29.0701388" version="4" timestamp="2009-02-28T12:52:36Z" changeset="700294" uid="18675" user="JeLuF"/>
  <node id="353737058" lat="41.2052132" lon="29.0707568" version="4" timestamp="2009-02-28T12:52:36Z" changeset="700294" uid="18675" user="JeLuF"/>
  <node id="353737059" lat="41.2052132" lon="29.0715636" version="4" timestamp="2009-02-28T12:52:36Z" changeset="700294" uid="18675" user="JeLuF"/>
  <node id="353737063" lat="41.2055360" lon="29.0724734" version="4" timestamp="2009-02-28T12:52:36Z" changeset="700294" uid="18675" user="JeLuF"/>
  <node id="353737066" lat="41.2060526" lon="29.0724734" version="4" timestamp="2009-02-28T12:52:36Z" changeset="700294" uid="18675" user="JeLuF"/>
  <node id="353737067" lat="41.2061882" lon="29.0723790" version="7" timestamp="2009-02-28T12:52:36Z" changeset="700294" uid="18675" user="JeLuF"/>
  <node id="353737068" lat="41.2080597" lon="29.0724504" version="4" timestamp="2014-04-15T23:09:29Z" changeset="21719665" uid="2027085" user="canTurgay"/>
  <node id="353737177" lat="41.2062851" lon="29.0725764" version="3" timestamp="2009-02-28T12:52:36Z" changeset="700294" uid="18675" user="JeLuF"/>
  <node id="353737178" lat="41.2063221" lon="29.0730306" version="4" timestamp="2014-04-15T23:09:29Z" changeset="21719665" uid="2027085" user="canTurgay"/>
  <node id="353737179" lat="41.2064396" lon="29.0734389" version="4" timestamp="2014-04-15T23:09:29Z" changeset="21719665" uid="2027085" user="canTurgay"/>
  <node id="353737180" lat="41.2066262" lon="29.0736642" version="6" timestamp="2014-04-15T23:09:29Z" changeset="21719665" uid="2027085" user="canTurgay"/>
  <node id="353737181" lat="41.2070794" lon="29.0740183" version="2" timestamp="2009-02-28T11:57:24Z" changeset="700294" uid="18675" user="JeLuF"/>
  <node id="353737182" lat="41.2075701" lon="29.0744818" version="2" timestamp="2009-02-28T11:57:24Z" changeset="700294" uid="18675" user="JeLuF"/>
  <node id="353737184" lat="41.2082287" lon="29.0748166" version="1" timestamp="2009-02-28T11:55:04Z" changeset="700294" uid="18675" user="JeLuF"/>
  <node id="353737185" lat="41.2084182" lon="29.0749963" version="3" timestamp="2019-08-16T07:45:10Z" changeset="73402776" uid="9620039" user="batuhanc"/>
  <node id="353737186" lat="41.2084037" lon="29.0754663" version="3" timestamp="2019-08-16T07:45:10Z" changeset="73402776" uid="9620039" user="batuhanc"/>
  <node id="353737187" lat="41.2083946" lon="29.0756243" version="3" timestamp="2019-08-16T07:45:10Z" changeset="73402776" uid="9620039" user="batuhanc"/>
  <node id="353737189" lat="41.2095124" lon="29.0761433" version="3" timestamp="2019-08-16T07:45:10Z" changeset="73402776" uid="9620039" user="batuhanc"/>
  <node id="353737270" lat="41.2095887" lon="29.0760623" version="2" timestamp="2014-04-15T23:09:29Z" changeset="21719665" uid="2027085" user="canTurgay"/>
  <node id="353737272" lat="41.2094879" lon="29.0804299" version="2" timestamp="2009-02-28T12:02:01Z" changeset="700294" uid="18675" user="JeLuF"/>
  <node id="353737619" lat="41.2072218" lon="29.0762732" version="5" timestamp="2026-04-12T11:42:47Z" changeset="181225733" uid="24035402" user="whieagle"/>
  <node id="353737620" lat="41.2067915" lon="29.0760551" version="4" timestamp="2014-04-15T23:09:28Z" changeset="21719665" uid="2027085" user="canTurgay"/>
  <node id="353737621" lat="41.2063370" lon="29.0756871" version="4" timestamp="2014-04-15T23:09:28Z" changeset="21719665" uid="2027085" user="canTurgay"/>
  <node id="353737622" lat="41.2058212" lon="29.0751547" version="4" timestamp="2014-04-15T23:09:28Z" changeset="21719665" uid="2027085" user="canTurgay"/>
  <node id="353737623" lat="41.2055284" lon="29.0747687" version="4" timestamp="2014-04-15T23:09:28Z" changeset="21719665" uid="2027085" user="canTurgay"/>
  <node id="353737624" lat="41.2053275" lon="29.0745359" version="4" timestamp="2014-04-15T23:09:28Z" changeset="21719665" uid="2027085" user="canTurgay"/>
  <node id="353737626" lat="41.2050517" lon="29.0743531" version="3" timestamp="2009-02-28T12:52:37Z" changeset="700294" uid="18675" user="JeLuF"/>
  <node id="353737627" lat="41.2048472" lon="29.0741369" version="4" timestamp="2014-04-15T23:09:28Z" changeset="21719665" uid="2027085" user="canTurgay"/>
  <node id="353737628" lat="41.2046243" lon="29.0737152" version="4" timestamp="2014-04-15T23:09:28Z" changeset="21719665" uid="2027085" user="canTurgay"/>
  <node id="353737629" lat="41.2044099" lon="29.0731273" version="4" timestamp="2014-04-15T23:09:28Z" changeset="21719665" uid="2027085" user="canTurgay"/>
  <node id="353737630" lat="41.2044025" lon="29.0725021" version="4" timestamp="2014-04-15T23:09:28Z" changeset="21719665" uid="2027085" user="canTurgay"/>
  <node id="353737631" lat="41.2043927" lon="29.0718637" version="4" timestamp="2014-04-15T23:09:28Z" changeset="21719665" uid="2027085" user="canTurgay"/>
  <node id="353737632" lat="41.2042053" lon="29.0715315" version="4" timestamp="2014-04-15T23:09:28Z" changeset="21719665" uid="2027085" user="canTurgay"/>
  <node id="353737633" lat="41.2038818" lon="29.0712857" version="4" timestamp="2014-04-15T23:09:28Z" changeset="21719665" uid="2027085" user="canTurgay"/>
  <node id="353737634" lat="41.2035253" lon="29.0710414" version="4" timestamp="2014-04-15T23:09:28Z" changeset="21719665" uid="2027085" user="canTurgay"/>
  <node id="353737636" lat="41.2032840" lon="29.0710007" version="4" timestamp="2014-04-15T23:09:28Z" changeset="21719665" uid="2027085" user="canTurgay"/>
  <node id="353737637" lat="41.2030708" lon="29.0709795" version="4" timestamp="2014-04-15T23:09:28Z" changeset="21719665" uid="2027085" user="canTurgay"/>
  <node id="353737638" lat="41.2029262" lon="29.0709307" version="4" timestamp="2014-04-15T23:09:28Z" changeset="21719665" uid="2027085" user="canTurgay"/>
  <node id="353737640" lat="41.2028441" lon="29.0708395" version="4" timestamp="2014-04-15T23:09:28Z" changeset="21719665" uid="2027085" user="canTurgay"/>
  <node id="353737641" lat="41.2027951" lon="29.0706685" version="4" timestamp="2014-04-15T23:09:28Z" changeset="21719665" uid="2027085" user="canTurgay"/>
  <node id="353737859" lat="41.2077077" lon="29.0721399" version="3" timestamp="2021-02-05T09:45:22Z" changeset="98757771" uid="10085618" user="MeteOz"/>
  <node id="353737860" lat="41.2070870" lon="29.0721293" version="3" timestamp="2021-02-05T09:45:22Z" changeset="98757771" uid="10085618" user="MeteOz"/>
  <node id="353737861" lat="41.2070867" lon="29.0723070" version="3" timestamp="2021-02-05T09:45:22Z" changeset="98757771" uid="10085618" user="MeteOz"/>
  <node id="353737862" lat="41.2071317" lon="29.0723071" version="3" timestamp="2021-02-05T09:45:22Z" changeset="98757771" uid="10085618" user="MeteOz"/>
  <node id="353737863" lat="41.2071313" lon="29.0726261" version="3" timestamp="2021-02-05T09:45:22Z" changeset="98757771" uid="10085618" user="MeteOz"/>
  <node id="353737865" lat="41.2070796" lon="29.0726260" version="3" timestamp="2021-02-05T09:45:22Z" changeset="98757771" uid="10085618" user="MeteOz"/>
  <node id="353737866" lat="41.2070793" lon="29.0729089" version="3" timestamp="2021-02-05T09:45:22Z" changeset="98757771" uid="10085618" user="MeteOz"/>
  <node id="353737867" lat="41.2072152" lon="29.0729092" version="3" timestamp="2021-02-05T09:45:22Z" changeset="98757771" uid="10085618" user="MeteOz"/>
  <node id="353737868" lat="41.2072153" lon="29.0728580" version="3" timestamp="2021-02-05T09:45:22Z" changeset="98757771" uid="10085618" user="MeteOz"/>
  <node id="353737869" lat="41.2077237" lon="29.0728702" version="3" timestamp="2021-02-05T09:45:22Z" changeset="98757771" uid="10085618" user="MeteOz"/>
  <node id="353738372" lat="41.2065037" lon="29.0738498" version="6" timestamp="2014-04-15T23:09:29Z" changeset="21719665" uid="2027085" user="canTurgay"/>
  <node id="353738373" lat="41.2067769" lon="29.0743774" version="4" timestamp="2014-04-15T23:09:29Z" changeset="21719665" uid="2027085" user="canTurgay"/>
  <node id="353738374" lat="41.2070330" lon="29.0746915" version="5" timestamp="2019-08-16T07:45:10Z" changeset="73402776" uid="9620039" user="batuhanc"/>
  <node id="353740311" lat="41.2009953" lon="29.0737231" version="2" timestamp="2026-03-23T19:50:48Z" changeset="180323108" uid="3997418" user="Alikam"/>
  <node id="353740312" lat="41.2012223" lon="29.0740355" version="1" timestamp="2009-02-28T12:02:00Z" changeset="700294" uid="18675" user="JeLuF"/>
  <node id="353740313" lat="41.2016356" lon="29.0743102" version="1" timestamp="2009-02-28T12:02:01Z" changeset="700294" uid="18675" user="JeLuF"/>
  <node id="353740314" lat="41.2019585" lon="29.0745505" version="1" timestamp="2009-02-28T12:02:01Z" changeset="700294" uid="18675" user="JeLuF"/>
  <node id="353740315" lat="41.2021393" lon="29.0746878" version="1" timestamp="2009-02-28T12:02:01Z" changeset="700294" uid="18675" user="JeLuF"/>
  <node id="353740316" lat="41.2021522" lon="29.0748938" version="1" timestamp="2009-02-28T12:02:01Z" changeset="700294" uid="18675" user="JeLuF"/>
  <node id="353740317" lat="41.2018810" lon="29.0749024" version="1" timestamp="2009-02-28T12:02:01Z" changeset="700294" uid="18675" user="JeLuF"/>
  <node id="353740318" lat="41.2016356" lon="29.0748251" version="1" timestamp="2009-02-28T12:02:01Z" changeset="700294" uid="18675" user="JeLuF"/>
  <node id="353740319" lat="41.2012652" lon="29.0746107" version="2" timestamp="2014-04-20T10:22:51Z" changeset="21813258" uid="2027085" user="canTurgay"/>
  <node id="353740320" lat="41.2009617" lon="29.0744051" version="2" timestamp="2014-04-20T10:22:51Z" changeset="21813258" uid="2027085" user="canTurgay"/>
  <node id="353740322" lat="41.2006404" lon="29.0742825" version="2" timestamp="2014-04-20T10:22:51Z" changeset="21813258" uid="2027085" user="canTurgay"/>
  <node id="353740323" lat="41.2003072" lon="29.0739741" version="2" timestamp="2014-04-20T10:22:51Z" changeset="21813258" uid="2027085" user="canTurgay"/>
  <node id="353740324" lat="41.2000959" lon="29.0738080" version="2" timestamp="2014-04-20T10:22:51Z" changeset="21813258" uid="2027085" user="canTurgay"/>
  <node id="353740325" lat="41.1998609" lon="29.0737526" version="2" timestamp="2014-04-20T10:22:51Z" changeset="21813258" uid="2027085" user="canTurgay"/>
  <node id="353740326" lat="41.1997121" lon="29.0739306" version="2" timestamp="2014-04-20T10:22:51Z" changeset="21813258" uid="2027085" user="canTurgay"/>
  <node id="353740327" lat="41.1994324" lon="29.0739859" version="2" timestamp="2014-04-20T10:22:51Z" changeset="21813258" uid="2027085" user="canTurgay"/>
  <node id="353740328" lat="41.1991438" lon="29.0740136" version="2" timestamp="2014-04-20T10:22:51Z" changeset="21813258" uid="2027085" user="canTurgay"/>
  <node id="353740329" lat="41.1988433" lon="29.0740532" version="2" timestamp="2014-04-20T10:22:51Z" changeset="21813258" uid="2027085" user="canTurgay"/>
  <node id="353740330" lat="41.1986499" lon="29.0741837" version="2" timestamp="2014-04-20T10:22:52Z" changeset="21813258" uid="2027085" user="canTurgay"/>
  <node id="353740331" lat="41.1986291" lon="29.0743735" version="2" timestamp="2014-04-20T10:22:52Z" changeset="21813258" uid="2027085" user="canTurgay"/>
  <node id="353740332" lat="41.1990546" lon="29.0744486" version="2" timestamp="2014-04-20T10:22:52Z" changeset="21813258" uid="2027085" user="canTurgay"/>
  <node id="353740334" lat="41.1996595" lon="29.0747565" version="1" timestamp="2009-02-28T12:02:01Z" changeset="700294" uid="18675" user="JeLuF"/>
  <node id="353740335" lat="41.2003053" lon="29.0752972" version="1" timestamp="2009-02-28T12:02:01Z" changeset="700294" uid="18675" user="JeLuF"/>
  <node id="353740336" lat="41.2011448" lon="29.0762757" version="1" timestamp="2009-02-28T12:02:01Z" changeset="700294" uid="18675" user="JeLuF"/>
  <node id="353740337" lat="41.2017002" lon="29.0767649" version="1" timestamp="2009-02-28T12:02:01Z" changeset="700294" uid="18675" user="JeLuF"/>
  <node id="353740338" lat="41.2021006" lon="29.0774687" version="1" timestamp="2009-02-28T12:02:01Z" changeset="700294" uid="18675" user="JeLuF"/>
  <node id="353740340" lat="41.2029253" lon="29.0774894" version="2" timestamp="2014-04-20T10:22:52Z" changeset="21813258" uid="2027085" user="canTurgay"/>
  <node id="353740341" lat="41.2035794" lon="29.0777691" version="1" timestamp="2009-02-28T12:02:01Z" changeset="700294" uid="18675" user="JeLuF"/>
  <node id="353740342" lat="41.2038923" lon="29.0775843" version="2" timestamp="2014-04-20T10:22:52Z" changeset="21813258" uid="2027085" user="canTurgay"/>
  <node id="353740343" lat="41.2044307" lon="29.0774459" version="2" timestamp="2014-04-20T10:22:52Z" changeset="21813258" uid="2027085" user="canTurgay"/>
  <node id="353740344" lat="41.2047870" lon="29.0775717" version="1" timestamp="2009-02-28T12:02:01Z" changeset="700294" uid="18675" user="JeLuF"/>
  <node id="353740345" lat="41.2049678" lon="29.0776232" version="1" timestamp="2009-02-28T12:02:01Z" changeset="700294" uid="18675" user="JeLuF"/>
  <node id="353740346" lat="41.2062851" lon="29.0785588" version="1" timestamp="2009-02-28T12:02:01Z" changeset="700294" uid="18675" user="JeLuF"/>
  <node id="353740348" lat="41.2069437" lon="29.0788334" version="1" timestamp="2009-02-28T12:02:01Z" changeset="700294" uid="18675" user="JeLuF"/>
  <node id="353740349" lat="41.2073183" lon="29.0791853" version="1" timestamp="2009-02-28T12:02:01Z" changeset="700294" uid="18675" user="JeLuF"/>
  <node id="353740350" lat="41.2075456" lon="29.0795575" version="2" timestamp="2014-04-20T10:22:52Z" changeset="21813258" uid="2027085" user="canTurgay"/>
  <node id="353740351" lat="41.2081554" lon="29.0799451" version="2" timestamp="2014-04-20T10:22:52Z" changeset="21813258" uid="2027085" user="canTurgay"/>
  <node id="353740352" lat="41.2088293" lon="29.0801037" version="1" timestamp="2009-02-28T12:02:01Z" changeset="700294" uid="18675" user="JeLuF"/>
  <node id="353740353" lat="41.2091586" lon="29.0803183" version="1" timestamp="2009-02-28T12:02:01Z" changeset="700294" uid="18675" user="JeLuF"/>
  <node id="353740354" lat="41.2099270" lon="29.0805157" version="1" timestamp="2009-02-28T12:02:01Z" changeset="700294" uid="18675" user="JeLuF"/>
  <node id="353740355" lat="41.2103209" lon="29.0807818" version="1" timestamp="2009-02-28T12:02:01Z" changeset="700294" uid="18675" user="JeLuF"/>
  <node id="353740356" lat="41.2109278" lon="29.0811165" version="1" timestamp="2009-02-28T12:02:01Z" changeset="700294" uid="18675" user="JeLuF"/>
  <node id="353740357" lat="41.2113028" lon="29.0812065" version="2" timestamp="2014-04-20T10:22:52Z" changeset="21813258" uid="2027085" user="canTurgay"/>
  <node id="353740358" lat="41.2118888" lon="29.0814082" version="2" timestamp="2014-04-20T10:22:52Z" changeset="21813258" uid="2027085" user="canTurgay"/>
  <node id="353740359" lat="41.2122708" lon="29.0818118" version="1" timestamp="2009-02-28T12:02:01Z" changeset="700294" uid="18675" user="JeLuF"/>
  <node id="353740360" lat="41.2124719" lon="29.0817917" version="2" timestamp="2014-04-20T10:22:52Z" changeset="21813258" uid="2027085" user="canTurgay"/>
  <node id="353740361" lat="41.2126355" lon="29.0817087" version="2" timestamp="2014-04-20T10:22:52Z" changeset="21813258" uid="2027085" user="canTurgay"/>
  <node id="353740362" lat="41.2130844" lon="29.0816916" version="1" timestamp="2009-02-28T12:02:01Z" changeset="700294" uid="18675" user="JeLuF"/>
  <node id="353740363" lat="41.2134589" lon="29.0818547" version="1" timestamp="2009-02-28T12:02:01Z" changeset="700294" uid="18675" user="JeLuF"/>
  <node id="353740364" lat="41.2139496" lon="29.0822066" version="1" timestamp="2009-02-28T12:02:01Z" changeset="700294" uid="18675" user="JeLuF"/>
  <node id="353740366" lat="41.2143667" lon="29.0821951" version="2" timestamp="2014-04-20T10:22:52Z" changeset="21813258" uid="2027085" user="canTurgay"/>
  <node id="353740367" lat="41.2146642" lon="29.0822504" version="2" timestamp="2014-04-20T10:22:52Z" changeset="21813258" uid="2027085" user="canTurgay"/>
  <node id="353740368" lat="41.2148987" lon="29.0825070" version="1" timestamp="2009-02-28T12:02:02Z" changeset="700294" uid="18675" user="JeLuF"/>
  <node id="353740369" lat="41.2152175" lon="29.0825272" version="2" timestamp="2014-04-20T10:22:52Z" changeset="21813258" uid="2027085" user="canTurgay"/>
  <node id="353740371" lat="41.2156606" lon="29.0826872" version="1" timestamp="2009-02-28T12:02:02Z" changeset="700294" uid="18675" user="JeLuF"/>
  <node id="353740372" lat="41.2159705" lon="29.0826357" version="1" timestamp="2009-02-28T12:02:02Z" changeset="700294" uid="18675" user="JeLuF"/>
  <node id="353740373" lat="41.2250321" lon="29.0901714" version="2" timestamp="2014-04-20T10:22:52Z" changeset="21813258" uid="2027085" user="canTurgay"/>
  <node id="2355900667" lat="41.2049866" lon="29.0734808" version="2" timestamp="2014-05-10T00:40:15Z" changeset="22242477" uid="2068628" user="sdafasdfa">
    <tag k="amenity" v="atm"/>
    <tag k="operator" v="Yapı Kredi Bankası"/>
  </node>
  <node id="2355900859" lat="41.2050206" lon="29.0732566" version="4" timestamp="2025-01-04T14:49:51Z" changeset="160988840" uid="12500589" user="tg4567">
    <tag k="brand" v="Migros"/>
    <tag k="brand:wikidata" v="Q1754510"/>
    <tag k="brand:wikipedia" v="en:Migros"/>
    <tag k="name" v="Migros"/>
    <tag k="shop" v="supermarket"/>
  </node>
  <node id="2374535499" lat="41.2087174" lon="29.0724782" version="3" timestamp="2014-04-24T11:26:34Z" changeset="21905507" uid="2027085" user="canTurgay"/>
  <node id="2374535650" lat="41.2199864" lon="29.0763038" version="1" timestamp="2013-07-05T06:54:20Z" changeset="16831109" uid="1224362" user="yusufmert"/>
  <node id="2374535653" lat="41.2162204" lon="29.0752107" version="2" timestamp="2014-04-15T23:09:29Z" changeset="21719665" uid="2027085" user="canTurgay"/>
  <node id="2374535718" lat="41.2125634" lon="29.0735805" version="2" timestamp="2014-04-15T23:09:29Z" changeset="21719665" uid="2027085" user="canTurgay"/>
  <node id="2374535803" lat="41.2209335" lon="29.0769136" version="2" timestamp="2014-04-15T23:09:29Z" changeset="21719665" uid="2027085" user="canTurgay"/>
  <node id="2374536013" lat="41.2137624" lon="29.0736242" version="2" timestamp="2014-04-15T23:09:29Z" changeset="21719665" uid="2027085" user="canTurgay"/>
  <node id="2500313510" lat="41.1975661" lon="29.0669807" version="1" timestamp="2013-10-18T06:03:07Z" changeset="18413780" uid="18675" user="JeLuF"/>
  <node id="2500314674" lat="41.2046720" lon="29.0700876" version="2" timestamp="2017-06-05T18:20:36Z" changeset="49280639" uid="1845527" user="turankaya74"/>
  <node id="2500314675" lat="41.2046717" lon="29.0702861" version="2" timestamp="2017-06-05T18:20:37Z" changeset="49280639" uid="1845527" user="turankaya74"/>
  <node id="2500314676" lat="41.2049737" lon="29.0700885" version="2" timestamp="2017-06-05T18:20:37Z" changeset="49280639" uid="1845527" user="turankaya74"/>
  <node id="2500314677" lat="41.2049733" lon="29.0702870" version="2" timestamp="2017-06-05T18:20:37Z" changeset="49280639" uid="1845527" user="turankaya74"/>
  <node id="2659095815" lat="41.2065726" lon="29.0720019" version="1" timestamp="2014-02-07T08:49:36Z" changeset="20426074" uid="1923386" user="akutlay"/>
  <node id="2659095818" lat="41.2064116" lon="29.0718266" version="1" timestamp="2014-02-07T08:49:37Z" changeset="20426074" uid="1923386" user="akutlay"/>
  <node id="2659095820" lat="41.2066076" lon="29.0715085" version="1" timestamp="2014-02-07T08:49:37Z" changeset="20426074" uid="1923386" user="akutlay"/>
  <node id="2659095822" lat="41.2067687" lon="29.0716838" version="1" timestamp="2014-02-07T08:49:37Z" changeset="20426074" uid="1923386" user="akutlay"/>
  <node id="2659099013" lat="41.2044271" lon="29.0695725" version="2" timestamp="2014-04-15T23:09:28Z" changeset="21719665" uid="2027085" user="canTurgay"/>
  <node id="2659099581" lat="41.2036355" lon="29.0699494" version="2" timestamp="2014-05-10T00:17:22Z" changeset="22242347" uid="2068628" user="sdafasdfa"/>
  <node id="2659099582" lat="41.2036358" lon="29.0703209" version="2" timestamp="2014-05-10T00:17:22Z" changeset="22242347" uid="2068628" user="sdafasdfa"/>
  <node id="2659099583" lat="41.2034994" lon="29.0703211" version="2" timestamp="2014-05-10T00:17:22Z" changeset="22242347" uid="2068628" user="sdafasdfa"/>
  <node id="2659099584" lat="41.2034991" lon="29.0699496" version="2" timestamp="2014-05-10T00:17:23Z" changeset="22242347" uid="2068628" user="sdafasdfa"/>
  <node id="2792230194" lat="41.2094767" lon="29.0761386" version="3" timestamp="2019-08-16T07:45:10Z" changeset="73402776" uid="9620039" user="batuhanc"/>
  <node id="2792230196" lat="41.2083637" lon="29.0759534" version="3" timestamp="2019-08-16T07:45:10Z" changeset="73402776" uid="9620039" user="batuhanc"/>
  <node id="2793862465" lat="41.2044319" lon="29.0697285" version="1" timestamp="2014-04-15T23:09:22Z" changeset="21719665" uid="2027085" user="canTurgay"/>
  <node id="2793862466" lat="41.2041770" lon="29.0697197" version="1" timestamp="2014-04-15T23:09:22Z" changeset="21719665" uid="2027085" user="canTurgay"/>
  <node id="2793862467" lat="41.2041738" lon="29.0698792" version="1" timestamp="2014-04-15T23:09:22Z" changeset="21719665" uid="2027085" user="canTurgay"/>
  <node id="2793862468" lat="41.2044287" lon="29.0698880" version="1" timestamp="2014-04-15T23:09:22Z" changeset="21719665" uid="2027085" user="canTurgay"/>
  <node id="2793862469" lat="41.2046096" lon="29.0699417" version="1" timestamp="2014-04-15T23:09:22Z" changeset="21719665" uid="2027085" user="canTurgay"/>
  <node id="2793862470" lat="41.2044864" lon="29.0699387" version="1" timestamp="2014-04-15T23:09:22Z" changeset="21719665" uid="2027085" user="canTurgay"/>
  <node id="2793862471" lat="41.2044819" lon="29.0702757" version="1" timestamp="2014-04-15T23:09:22Z" changeset="21719665" uid="2027085" user="canTurgay"/>
  <node id="2793862472" lat="41.2046051" lon="29.0702786" version="1" timestamp="2014-04-15T23:09:22Z" changeset="21719665" uid="2027085" user="canTurgay"/>
  <node id="2793862473" lat="41.2044407" lon="29.0703204" version="2" timestamp="2023-05-10T18:59:14Z" changeset="135948912" uid="13819895" user="hmdgms"/>
  <node id="2793862474" lat="41.2041872" lon="29.0703150" version="2" timestamp="2023-05-10T18:59:14Z" changeset="135948912" uid="13819895" user="hmdgms"/>
  <node id="2793862475" lat="41.2041851" lon="29.0704873" version="2" timestamp="2023-05-10T18:59:14Z" changeset="135948912" uid="13819895" user="hmdgms"/>
  <node id="2793862476" lat="41.2044386" lon="29.0704927" version="2" timestamp="2023-05-10T18:59:14Z" changeset="135948912" uid="13819895" user="hmdgms"/>
  <node id="2793862477" lat="41.2041464" lon="29.0699299" version="2" timestamp="2023-05-10T18:59:14Z" changeset="135948912" uid="13819895" user="hmdgms"/>
  <node id="2793862478" lat="41.2040160" lon="29.0699272" version="2" timestamp="2023-05-10T18:59:14Z" changeset="135948912" uid="13819895" user="hmdgms"/>
  <node id="2793862479" lat="41.2040119" lon="29.0702812" version="2" timestamp="2023-05-10T18:59:14Z" changeset="135948912" uid="13819895" user="hmdgms"/>
  <node id="2793862480" lat="41.2041423" lon="29.0702839" version="2" timestamp="2023-05-10T18:59:14Z" changeset="135948912" uid="13819895" user="hmdgms"/>
  <node id="2793862481" lat="41.2039518" lon="29.0697346" version="1" timestamp="2014-04-15T23:09:22Z" changeset="21719665" uid="2027085" user="canTurgay"/>
  <node id="2793862482" lat="41.2036934" lon="29.0697297" version="1" timestamp="2014-04-15T23:09:22Z" changeset="21719665" uid="2027085" user="canTurgay"/>
  <node id="2793862483" lat="41.2036916" lon="29.0698982" version="1" timestamp="2014-04-15T23:09:22Z" changeset="21719665" uid="2027085" user="canTurgay"/>
  <node id="2793862484" lat="41.2039500" lon="29.0699031" version="1" timestamp="2014-04-15T23:09:22Z" changeset="21719665" uid="2027085" user="canTurgay"/>
  <node id="2793862485" lat="41.2039579" lon="29.0703583" version="1" timestamp="2014-04-15T23:09:22Z" changeset="21719665" uid="2027085" user="canTurgay"/>
  <node id="2793862486" lat="41.2036872" lon="29.0703550" version="1" timestamp="2014-04-15T23:09:22Z" changeset="21719665" uid="2027085" user="canTurgay"/>
  <node id="2793862487" lat="41.2036860" lon="29.0705260" version="1" timestamp="2014-04-15T23:09:23Z" changeset="21719665" uid="2027085" user="canTurgay"/>
  <node id="2793862488" lat="41.2039567" lon="29.0705293" version="1" timestamp="2014-04-15T23:09:23Z" changeset="21719665" uid="2027085" user="canTurgay"/>
  <node id="2793862489" lat="41.2036590" lon="29.0705716" version="1" timestamp="2014-04-15T23:09:23Z" changeset="21719665" uid="2027085" user="canTurgay"/>
  <node id="2793862490" lat="41.2035244" lon="29.0705700" version="1" timestamp="2014-04-15T23:09:23Z" changeset="21719665" uid="2027085" user="canTurgay"/>
  <node id="2793862491" lat="41.2035219" lon="29.0709216" version="1" timestamp="2014-04-15T23:09:23Z" changeset="21719665" uid="2027085" user="canTurgay"/>
  <node id="2793862492" lat="41.2036566" lon="29.0709233" version="1" timestamp="2014-04-15T23:09:23Z" changeset="21719665" uid="2027085" user="canTurgay"/>
  <node id="2793862493" lat="41.2039576" lon="29.0708569" version="1" timestamp="2014-04-15T23:09:23Z" changeset="21719665" uid="2027085" user="canTurgay"/>
  <node id="2793862494" lat="41.2037028" lon="29.0708611" version="1" timestamp="2014-04-15T23:09:23Z" changeset="21719665" uid="2027085" user="canTurgay"/>
  <node id="2793862495" lat="41.2037046" lon="29.0710436" version="1" timestamp="2014-04-15T23:09:23Z" changeset="21719665" uid="2027085" user="canTurgay"/>
  <node id="2793862496" lat="41.2039593" lon="29.0710393" version="1" timestamp="2014-04-15T23:09:23Z" changeset="21719665" uid="2027085" user="canTurgay"/>
  <node id="2793862497" lat="41.2041406" lon="29.0709785" version="1" timestamp="2014-04-15T23:09:23Z" changeset="21719665" uid="2027085" user="canTurgay"/>
  <node id="2793862498" lat="41.2040022" lon="29.0709772" version="1" timestamp="2014-04-15T23:09:23Z" changeset="21719665" uid="2027085" user="canTurgay"/>
  <node id="2793862499" lat="41.2040001" lon="29.0713476" version="1" timestamp="2014-04-15T23:09:23Z" changeset="21719665" uid="2027085" user="canTurgay"/>
  <node id="2793862500" lat="41.2041386" lon="29.0713490" version="1" timestamp="2014-04-15T23:09:23Z" changeset="21719665" uid="2027085" user="canTurgay"/>
  <node id="2793862501" lat="41.2044446" lon="29.0712730" version="1" timestamp="2014-04-15T23:09:23Z" changeset="21719665" uid="2027085" user="canTurgay"/>
  <node id="2793862502" lat="41.2044453" lon="29.0714570" version="1" timestamp="2014-04-15T23:09:23Z" changeset="21719665" uid="2027085" user="canTurgay"/>
  <node id="2793862503" lat="41.2041739" lon="29.0714586" version="1" timestamp="2014-04-15T23:09:23Z" changeset="21719665" uid="2027085" user="canTurgay"/>
  <node id="2793862504" lat="41.2041733" lon="29.0712746" version="1" timestamp="2014-04-15T23:09:23Z" changeset="21719665" uid="2027085" user="canTurgay"/>
  <node id="2793862505" lat="41.2044413" lon="29.0708542" version="1" timestamp="2014-04-15T23:09:23Z" changeset="21719665" uid="2027085" user="canTurgay"/>
  <node id="2793862506" lat="41.2041803" lon="29.0708557" version="1" timestamp="2014-04-15T23:09:23Z" changeset="21719665" uid="2027085" user="canTurgay"/>
  <node id="2793862507" lat="41.2041810" lon="29.0710470" version="1" timestamp="2014-04-15T23:09:23Z" changeset="21719665" uid="2027085" user="canTurgay"/>
  <node id="2793862508" lat="41.2044419" lon="29.0710455" version="1" timestamp="2014-04-15T23:09:23Z" changeset="21719665" uid="2027085" user="canTurgay"/>
  <node id="2793862509" lat="41.2046180" lon="29.0705623" version="2" timestamp="2023-05-10T18:59:14Z" changeset="135948912" uid="13819895" user="hmdgms"/>
  <node id="2793862510" lat="41.2044876" lon="29.0705623" version="2" timestamp="2023-05-10T18:59:14Z" changeset="135948912" uid="13819895" user="hmdgms"/>
  <node id="2793862511" lat="41.2044876" lon="29.0708997" version="2" timestamp="2023-05-10T18:59:14Z" changeset="135948912" uid="13819895" user="hmdgms"/>
  <node id="2793862512" lat="41.2046180" lon="29.0708997" version="2" timestamp="2023-05-10T18:59:14Z" changeset="135948912" uid="13819895" user="hmdgms"/>
  <node id="2793862513" lat="41.2049170" lon="29.0703439" version="1" timestamp="2014-04-15T23:09:23Z" changeset="21719665" uid="2027085" user="canTurgay"/>
  <node id="2793862514" lat="41.2046481" lon="29.0703342" version="1" timestamp="2014-04-15T23:09:23Z" changeset="21719665" uid="2027085" user="canTurgay"/>
  <node id="2793862515" lat="41.2046444" lon="29.0705140" version="1" timestamp="2014-04-15T23:09:23Z" changeset="21719665" uid="2027085" user="canTurgay"/>
  <node id="2793862516" lat="41.2049133" lon="29.0705237" version="1" timestamp="2014-04-15T23:09:23Z" changeset="21719665" uid="2027085" user="canTurgay"/>
  <node id="2793862517" lat="41.2050948" lon="29.0705588" version="1" timestamp="2014-04-15T23:09:23Z" changeset="21719665" uid="2027085" user="canTurgay"/>
  <node id="2793862518" lat="41.2049576" lon="29.0705551" version="1" timestamp="2014-04-15T23:09:23Z" changeset="21719665" uid="2027085" user="canTurgay"/>
  <node id="2793862519" lat="41.2049524" lon="29.0709059" version="1" timestamp="2014-04-15T23:09:23Z" changeset="21719665" uid="2027085" user="canTurgay"/>
  <node id="2793862520" lat="41.2050896" lon="29.0709095" version="1" timestamp="2014-04-15T23:09:23Z" changeset="21719665" uid="2027085" user="canTurgay"/>
  <node id="2793862521" lat="41.2051005" lon="29.0709533" version="1" timestamp="2014-04-15T23:09:23Z" changeset="21719665" uid="2027085" user="canTurgay"/>
  <node id="2793862522" lat="41.2049584" lon="29.0709536" version="1" timestamp="2014-04-15T23:09:23Z" changeset="21719665" uid="2027085" user="canTurgay"/>
  <node id="2793862523" lat="41.2049588" lon="29.0713110" version="1" timestamp="2014-04-15T23:09:23Z" changeset="21719665" uid="2027085" user="canTurgay"/>
  <node id="2793862524" lat="41.2051009" lon="29.0713107" version="1" timestamp="2014-04-15T23:09:23Z" changeset="21719665" uid="2027085" user="canTurgay"/>
  <node id="2793862525" lat="41.2051288" lon="29.0713365" version="2" timestamp="2019-10-04T07:44:47Z" changeset="75265803" uid="9237592" user="Burcu Bayasli"/>
  <node id="2793862526" lat="41.2049891" lon="29.0713327" version="2" timestamp="2019-10-04T07:44:47Z" changeset="75265803" uid="9237592" user="Burcu Bayasli"/>
  <node id="2793862527" lat="41.2049834" lon="29.0716908" version="2" timestamp="2019-10-04T07:44:47Z" changeset="75265803" uid="9237592" user="Burcu Bayasli"/>
  <node id="2793862528" lat="41.2051231" lon="29.0716947" version="2" timestamp="2019-10-04T07:44:47Z" changeset="75265803" uid="9237592" user="Burcu Bayasli"/>
  <node id="2793862529" lat="41.2046380" lon="29.0713965" version="2" timestamp="2019-10-04T07:44:47Z" changeset="75265803" uid="9237592" user="Burcu Bayasli"/>
  <node id="2793862530" lat="41.2045001" lon="29.0713976" version="2" timestamp="2019-10-04T07:44:47Z" changeset="75265803" uid="9237592" user="Burcu Bayasli"/>
  <node id="2793862531" lat="41.2045017" lon="29.0717518" version="2" timestamp="2019-10-04T07:44:47Z" changeset="75265803" uid="9237592" user="Burcu Bayasli"/>
  <node id="2793862532" lat="41.2046396" lon="29.0717506" version="2" timestamp="2019-10-04T07:44:47Z" changeset="75265803" uid="9237592" user="Burcu Bayasli"/>
  <node id="2793862533" lat="41.2027976" lon="29.0703396" version="1" timestamp="2014-04-15T23:09:24Z" changeset="21719665" uid="2027085" user="canTurgay"/>
  <node id="2793862534" lat="41.2028809" lon="29.0708997" version="1" timestamp="2014-04-15T23:09:24Z" changeset="21719665" uid="2027085" user="canTurgay"/>
  <node id="2793862535" lat="41.2029924" lon="29.0709665" version="1" timestamp="2014-04-15T23:09:24Z" changeset="21719665" uid="2027085" user="canTurgay"/>
  <node id="2793862536" lat="41.2028062" lon="29.0707646" version="1" timestamp="2014-04-15T23:09:24Z" changeset="21719665" uid="2027085" user="canTurgay"/>
  <node id="2793862538" lat="41.2043278" lon="29.0716602" version="1" timestamp="2014-04-15T23:09:24Z" changeset="21719665" uid="2027085" user="canTurgay"/>
  <node id="2793862540" lat="41.2047247" lon="29.0739399" version="1" timestamp="2014-04-15T23:09:24Z" changeset="21719665" uid="2027085" user="canTurgay"/>
  <node id="2793862541" lat="41.2049379" lon="29.0742639" version="1" timestamp="2014-04-15T23:09:24Z" changeset="21719665" uid="2027085" user="canTurgay"/>
  <node id="2793862543" lat="41.2060601" lon="29.0754461" version="1" timestamp="2014-04-15T23:09:24Z" changeset="21719665" uid="2027085" user="canTurgay"/>
  <node id="2793862546" lat="41.2069985" lon="29.0761691" version="1" timestamp="2014-04-15T23:09:24Z" changeset="21719665" uid="2027085" user="canTurgay"/>
  <node id="2793862550" lat="41.2073332" lon="29.0762940" version="2" timestamp="2019-08-16T07:45:10Z" changeset="73402776" uid="9620039" user="batuhanc"/>
  <node id="2793862552" lat="41.2083151" lon="29.0748856" version="1" timestamp="2014-04-15T23:09:24Z" changeset="21719665" uid="2027085" user="canTurgay"/>
  <node id="2793862553" lat="41.2083900" lon="29.0757441" version="2" timestamp="2021-02-05T09:45:22Z" changeset="98757771" uid="10085618" user="MeteOz"/>
  <node id="2793862554" lat="41.2095800" lon="29.0776606" version="1" timestamp="2014-04-15T23:09:24Z" changeset="21719665" uid="2027085" user="canTurgay"/>
  <node id="2793862555" lat="41.2095679" lon="29.0768911" version="1" timestamp="2014-04-15T23:09:24Z" changeset="21719665" uid="2027085" user="canTurgay"/>
  <node id="2793862556" lat="41.2095679" lon="29.0764726" version="1" timestamp="2014-04-15T23:09:24Z" changeset="21719665" uid="2027085" user="canTurgay"/>
  <node id="2793862557" lat="41.2092520" lon="29.0770645" version="1" timestamp="2014-04-15T23:09:24Z" changeset="21719665" uid="2027085" user="canTurgay"/>
  <node id="2793862558" lat="41.2093992" lon="29.0770705" version="1" timestamp="2014-04-15T23:09:24Z" changeset="21719665" uid="2027085" user="canTurgay"/>
  <node id="2793862559" lat="41.2095160" lon="29.0770596" version="1" timestamp="2014-04-15T23:09:24Z" changeset="21719665" uid="2027085" user="canTurgay"/>
  <node id="2793862560" lat="41.2095703" lon="29.0770486" version="1" timestamp="2014-04-15T23:09:24Z" changeset="21719665" uid="2027085" user="canTurgay"/>
  <node id="2793862627" lat="41.2066029" lon="29.0737065" version="1" timestamp="2014-04-15T23:09:25Z" changeset="21719665" uid="2027085" user="canTurgay"/>
  <node id="2793862628" lat="41.2065502" lon="29.0740355" version="1" timestamp="2014-04-15T23:09:25Z" changeset="21719665" uid="2027085" user="canTurgay"/>
  <node id="2793862629" lat="41.2066360" lon="29.0741902" version="1" timestamp="2014-04-15T23:09:25Z" changeset="21719665" uid="2027085" user="canTurgay"/>
  <node id="2793862630" lat="41.2069240" lon="29.0745278" version="1" timestamp="2014-04-15T23:09:25Z" changeset="21719665" uid="2027085" user="canTurgay"/>
  <node id="2793862631" lat="41.2068445" lon="29.0744576" version="1" timestamp="2014-04-15T23:09:25Z" changeset="21719665" uid="2027085" user="canTurgay"/>
  <node id="2793862632" lat="41.2072433" lon="29.0747995" version="2" timestamp="2019-08-16T07:45:10Z" changeset="73402776" uid="9620039" user="batuhanc"/>
  <node id="2793862633" lat="41.2071418" lon="29.0747275" version="2" timestamp="2019-08-16T07:45:10Z" changeset="73402776" uid="9620039" user="batuhanc"/>
  <node id="2793862634" lat="41.2084271" lon="29.0751811" version="2" timestamp="2019-08-16T07:45:10Z" changeset="73402776" uid="9620039" user="batuhanc"/>
  <node id="2793862641" lat="41.2073061" lon="29.0748209" version="2" timestamp="2019-08-16T07:45:10Z" changeset="73402776" uid="9620039" user="batuhanc"/>
  <node id="2793862651" lat="41.2083813" lon="29.0749305" version="2" timestamp="2019-08-16T07:45:10Z" changeset="73402776" uid="9620039" user="batuhanc"/>
  <node id="2793862652" lat="41.2065281" lon="29.0735615" version="1" timestamp="2014-04-15T23:09:26Z" changeset="21719665" uid="2027085" user="canTurgay"/>
  <node id="2793862653" lat="41.2063712" lon="29.0732382" version="1" timestamp="2014-04-15T23:09:26Z" changeset="21719665" uid="2027085" user="canTurgay"/>
  <node id="2793862654" lat="41.2062294" lon="29.0723136" version="1" timestamp="2014-04-15T23:09:26Z" changeset="21719665" uid="2027085" user="canTurgay"/>
  <node id="2793862655" lat="41.2077126" lon="29.0720320" version="1" timestamp="2014-04-15T23:09:26Z" changeset="21719665" uid="2027085" user="canTurgay"/>
  <node id="2793862656" lat="41.2070055" lon="29.0719892" version="2" timestamp="2017-01-20T12:09:17Z" changeset="45325186" uid="2818856" user="CitymapperHQ"/>
  <node id="2793862657" lat="41.2073373" lon="29.0718952" version="1" timestamp="2014-04-15T23:09:26Z" changeset="21719665" uid="2027085" user="canTurgay"/>
  <node id="2793862658" lat="41.2075714" lon="29.0719274" version="1" timestamp="2014-04-15T23:09:26Z" changeset="21719665" uid="2027085" user="canTurgay"/>
  <node id="2793862659" lat="41.2078579" lon="29.0724424" version="1" timestamp="2014-04-15T23:09:26Z" changeset="21719665" uid="2027085" user="canTurgay"/>
  <node id="2793862660" lat="41.2077752" lon="29.0723109" version="1" timestamp="2014-04-15T23:09:26Z" changeset="21719665" uid="2027085" user="canTurgay"/>
  <node id="2793862661" lat="41.2115944" lon="29.0728819" version="1" timestamp="2014-04-15T23:09:26Z" changeset="21719665" uid="2027085" user="canTurgay"/>
  <node id="2793862662" lat="41.2120653" lon="29.0733331" version="1" timestamp="2014-04-15T23:09:26Z" changeset="21719665" uid="2027085" user="canTurgay"/>
  <node id="2793862663" lat="41.2150707" lon="29.0743592" version="1" timestamp="2014-04-15T23:09:26Z" changeset="21719665" uid="2027085" user="canTurgay"/>
  <node id="2793862664" lat="41.2179119" lon="29.0759020" version="1" timestamp="2014-04-15T23:09:26Z" changeset="21719665" uid="2027085" user="canTurgay"/>
  <node id="2793862665" lat="41.2205449" lon="29.0764478" version="1" timestamp="2014-04-15T23:09:26Z" changeset="21719665" uid="2027085" user="canTurgay"/>
  <node id="2793862666" lat="41.2207529" lon="29.0766079" version="1" timestamp="2014-04-15T23:09:26Z" changeset="21719665" uid="2027085" user="canTurgay"/>
  <node id="2793862667" lat="41.2218586" lon="29.0784564" version="1" timestamp="2014-04-15T23:09:26Z" changeset="21719665" uid="2027085" user="canTurgay"/>
  <node id="2793862668" lat="41.2213276" lon="29.0777505" version="1" timestamp="2014-04-15T23:09:26Z" changeset="21719665" uid="2027085" user="canTurgay"/>
  <node id="2803212608" lat="41.2025611" lon="29.0699300" version="2" timestamp="2026-03-23T19:50:48Z" changeset="180323108" uid="3997418" user="Alikam"/>
  <node id="2803212609" lat="41.2025765" lon="29.0704256" version="1" timestamp="2014-04-20T10:10:35Z" changeset="21813080" uid="2027085" user="canTurgay"/>
  <node id="2803212610" lat="41.2027497" lon="29.0709925" version="1" timestamp="2014-04-20T10:10:35Z" changeset="21813080" uid="2027085" user="canTurgay"/>
  <node id="2803212611" lat="41.2027870" lon="29.0712782" version="1" timestamp="2014-04-20T10:10:35Z" changeset="21813080" uid="2027085" user="canTurgay"/>
  <node id="2803212677" lat="41.2093009" lon="29.0778148" version="1" timestamp="2014-04-20T10:10:37Z" changeset="21813080" uid="2027085" user="canTurgay"/>
  <node id="2803212678" lat="41.2094457" lon="29.0778089" version="1" timestamp="2014-04-20T10:10:37Z" changeset="21813080" uid="2027085" user="canTurgay"/>
  <node id="2803212679" lat="41.2095498" lon="29.0777419" version="1" timestamp="2014-04-20T10:10:37Z" changeset="21813080" uid="2027085" user="canTurgay"/>
  <node id="2803212680" lat="41.2095410" lon="29.0770992" version="1" timestamp="2014-04-20T10:10:37Z" changeset="21813080" uid="2027085" user="canTurgay"/>
  <node id="2803212681" lat="41.2095345" lon="29.0764958" version="1" timestamp="2014-04-20T10:10:37Z" changeset="21813080" uid="2027085" user="canTurgay"/>
  <node id="2803212682" lat="41.2095432" lon="29.0760571" version="1" timestamp="2014-04-20T10:10:37Z" changeset="21813080" uid="2027085" user="canTurgay"/>
  <node id="2803212683" lat="41.2095619" lon="29.0756519" version="1" timestamp="2014-04-20T10:10:37Z" changeset="21813080" uid="2027085" user="canTurgay"/>
  <node id="2803212684" lat="41.2094939" lon="29.0755864" version="1" timestamp="2014-04-20T10:10:37Z" changeset="21813080" uid="2027085" user="canTurgay"/>
  <node id="2803212685" lat="41.2094204" lon="29.0755732" version="1" timestamp="2014-04-20T10:10:37Z" changeset="21813080" uid="2027085" user="canTurgay"/>
  <node id="2803212686" lat="41.2094895" lon="29.0751870" version="1" timestamp="2014-04-20T10:10:37Z" changeset="21813080" uid="2027085" user="canTurgay"/>
  <node id="2803212687" lat="41.2094796" lon="29.0749917" version="1" timestamp="2014-04-20T10:10:37Z" changeset="21813080" uid="2027085" user="canTurgay"/>
  <node id="2803212688" lat="41.2094764" lon="29.0748999" version="1" timestamp="2014-04-20T10:10:37Z" changeset="21813080" uid="2027085" user="canTurgay"/>
  <node id="2803212689" lat="41.2094391" lon="29.0748533" version="1" timestamp="2014-04-20T10:10:37Z" changeset="21813080" uid="2027085" user="canTurgay"/>
  <node id="2803212690" lat="41.2092340" lon="29.0748037" version="1" timestamp="2014-04-20T10:10:37Z" changeset="21813080" uid="2027085" user="canTurgay"/>
  <node id="2803212691" lat="41.2090148" lon="29.0747658" version="1" timestamp="2014-04-20T10:10:37Z" changeset="21813080" uid="2027085" user="canTurgay"/>
  <node id="2803212692" lat="41.2089512" lon="29.0747746" version="1" timestamp="2014-04-20T10:10:37Z" changeset="21813080" uid="2027085" user="canTurgay"/>
  <node id="2803212693" lat="41.2087505" lon="29.0747804" version="1" timestamp="2014-04-20T10:10:37Z" changeset="21813080" uid="2027085" user="canTurgay"/>
  <node id="2803212694" lat="41.2084545" lon="29.0748387" version="1" timestamp="2014-04-20T10:10:37Z" changeset="21813080" uid="2027085" user="canTurgay"/>
  <node id="2803212695" lat="41.2082330" lon="29.0747411" version="1" timestamp="2014-04-20T10:10:37Z" changeset="21813080" uid="2027085" user="canTurgay"/>
  <node id="2803212696" lat="41.2079117" lon="29.0745924" version="1" timestamp="2014-04-20T10:10:37Z" changeset="21813080" uid="2027085" user="canTurgay"/>
  <node id="2803212697" lat="41.2077253" lon="29.0745020" version="1" timestamp="2014-04-20T10:10:37Z" changeset="21813080" uid="2027085" user="canTurgay"/>
  <node id="2803212698" lat="41.2072824" lon="29.0741085" version="1" timestamp="2014-04-20T10:10:37Z" changeset="21813080" uid="2027085" user="canTurgay"/>
  <node id="2803212699" lat="41.2070675" lon="29.0739497" version="1" timestamp="2014-04-20T10:10:37Z" changeset="21813080" uid="2027085" user="canTurgay"/>
  <node id="2803212700" lat="41.2066957" lon="29.0736596" version="1" timestamp="2014-04-20T10:10:37Z" changeset="21813080" uid="2027085" user="canTurgay"/>
  <node id="2803213501" lat="41.2065214" lon="29.0734731" version="1" timestamp="2014-04-20T10:10:37Z" changeset="21813080" uid="2027085" user="canTurgay"/>
  <node id="2803213502" lat="41.2064644" lon="29.0734046" version="1" timestamp="2014-04-20T10:10:37Z" changeset="21813080" uid="2027085" user="canTurgay"/>
  <node id="2803213503" lat="41.2064085" lon="29.0732093" version="1" timestamp="2014-04-20T10:10:37Z" changeset="21813080" uid="2027085" user="canTurgay"/>
  <node id="2803213504" lat="41.2063482" lon="29.0729236" version="1" timestamp="2014-04-20T10:10:37Z" changeset="21813080" uid="2027085" user="canTurgay"/>
  <node id="2803213505" lat="41.2063208" lon="29.0726292" version="1" timestamp="2014-04-20T10:10:37Z" changeset="21813080" uid="2027085" user="canTurgay"/>
  <node id="2803213506" lat="41.2062966" lon="29.0724777" version="1" timestamp="2014-04-20T10:10:38Z" changeset="21813080" uid="2027085" user="canTurgay"/>
  <node id="2803213507" lat="41.2064172" lon="29.0723582" version="1" timestamp="2014-04-20T10:10:38Z" changeset="21813080" uid="2027085" user="canTurgay"/>
  <node id="2803213508" lat="41.2065894" lon="29.0722853" version="1" timestamp="2014-04-20T10:10:38Z" changeset="21813080" uid="2027085" user="canTurgay"/>
  <node id="2803213509" lat="41.2068306" lon="29.0721964" version="1" timestamp="2014-04-20T10:10:38Z" changeset="21813080" uid="2027085" user="canTurgay"/>
  <node id="2803213510" lat="41.2069436" lon="29.0722226" version="1" timestamp="2014-04-20T10:10:38Z" changeset="21813080" uid="2027085" user="canTurgay"/>
  <node id="2803213511" lat="41.2069567" lon="29.0722430" version="1" timestamp="2014-04-20T10:10:38Z" changeset="21813080" uid="2027085" user="canTurgay"/>
  <node id="2803213512" lat="41.2069523" lon="29.0724354" version="1" timestamp="2014-04-20T10:10:38Z" changeset="21813080" uid="2027085" user="canTurgay"/>
  <node id="2803213513" lat="41.2069479" lon="29.0729630" version="1" timestamp="2014-04-20T10:10:38Z" changeset="21813080" uid="2027085" user="canTurgay"/>
  <node id="2803213514" lat="41.2072495" lon="29.0729645" version="1" timestamp="2014-04-20T10:10:38Z" changeset="21813080" uid="2027085" user="canTurgay"/>
  <node id="2803213515" lat="41.2074940" lon="29.0729747" version="1" timestamp="2014-04-20T10:10:38Z" changeset="21813080" uid="2027085" user="canTurgay"/>
  <node id="2803213516" lat="41.2075740" lon="29.0729149" version="1" timestamp="2014-04-20T10:10:38Z" changeset="21813080" uid="2027085" user="canTurgay"/>
  <node id="2803213517" lat="41.2077407" lon="29.0729251" version="1" timestamp="2014-04-20T10:10:38Z" changeset="21813080" uid="2027085" user="canTurgay"/>
  <node id="2803213518" lat="41.2078481" lon="29.0726599" version="1" timestamp="2014-04-20T10:10:38Z" changeset="21813080" uid="2027085" user="canTurgay"/>
  <node id="2803213519" lat="41.2080641" lon="29.0726161" version="1" timestamp="2014-04-20T10:10:38Z" changeset="21813080" uid="2027085" user="canTurgay"/>
  <node id="2803213520" lat="41.2083218" lon="29.0726555" version="1" timestamp="2014-04-20T10:10:38Z" changeset="21813080" uid="2027085" user="canTurgay"/>
  <node id="2803213521" lat="41.2086650" lon="29.0726336" version="1" timestamp="2014-04-20T10:10:38Z" changeset="21813080" uid="2027085" user="canTurgay"/>
  <node id="2803213522" lat="41.2086661" lon="29.0723873" version="1" timestamp="2014-04-20T10:10:38Z" changeset="21813080" uid="2027085" user="canTurgay"/>
  <node id="2803213523" lat="41.2083185" lon="29.0723844" version="1" timestamp="2014-04-20T10:10:38Z" changeset="21813080" uid="2027085" user="canTurgay"/>
  <node id="2803213524" lat="41.2079775" lon="29.0723625" version="1" timestamp="2014-04-20T10:10:38Z" changeset="21813080" uid="2027085" user="canTurgay"/>
  <node id="2803213525" lat="41.2079216" lon="29.0723509" version="1" timestamp="2014-04-20T10:10:38Z" changeset="21813080" uid="2027085" user="canTurgay"/>
  <node id="2803213526" lat="41.2078854" lon="29.0723115" version="1" timestamp="2014-04-20T10:10:38Z" changeset="21813080" uid="2027085" user="canTurgay"/>
  <node id="2803213527" lat="41.2078887" lon="29.0720230" version="1" timestamp="2014-04-20T10:10:38Z" changeset="21813080" uid="2027085" user="canTurgay"/>
  <node id="2803213528" lat="41.2078295" lon="29.0719924" version="1" timestamp="2014-04-20T10:10:38Z" changeset="21813080" uid="2027085" user="canTurgay"/>
  <node id="2803213529" lat="41.2076837" lon="29.0719093" version="1" timestamp="2014-04-20T10:10:38Z" changeset="21813080" uid="2027085" user="canTurgay"/>
  <node id="2803213530" lat="41.2075017" lon="29.0718422" version="1" timestamp="2014-04-20T10:10:38Z" changeset="21813080" uid="2027085" user="canTurgay"/>
  <node id="2803213531" lat="41.2073054" lon="29.0718262" version="1" timestamp="2014-04-20T10:10:38Z" changeset="21813080" uid="2027085" user="canTurgay"/>
  <node id="2803213532" lat="41.2070543" lon="29.0718918" version="1" timestamp="2014-04-20T10:10:38Z" changeset="21813080" uid="2027085" user="canTurgay"/>
  <node id="2803213533" lat="41.2068460" lon="29.0719443" version="1" timestamp="2014-04-20T10:10:38Z" changeset="21813080" uid="2027085" user="canTurgay"/>
  <node id="2803213534" lat="41.2069666" lon="29.0717256" version="1" timestamp="2014-04-20T10:10:38Z" changeset="21813080" uid="2027085" user="canTurgay"/>
  <node id="2803213535" lat="41.2071508" lon="29.0714983" version="1" timestamp="2014-04-20T10:10:38Z" changeset="21813080" uid="2027085" user="canTurgay"/>
  <node id="2803213536" lat="41.2070225" lon="29.0713001" version="1" timestamp="2014-04-20T10:10:38Z" changeset="21813080" uid="2027085" user="canTurgay"/>
  <node id="2803213537" lat="41.2067824" lon="29.0716105" version="1" timestamp="2014-04-20T10:10:38Z" changeset="21813080" uid="2027085" user="canTurgay"/>
  <node id="2803213538" lat="41.2066047" lon="29.0714254" version="1" timestamp="2014-04-20T10:10:38Z" changeset="21813080" uid="2027085" user="canTurgay"/>
  <node id="2803213539" lat="41.2063438" lon="29.0718568" version="1" timestamp="2014-04-20T10:10:38Z" changeset="21813080" uid="2027085" user="canTurgay"/>
  <node id="2803213540" lat="41.2064585" lon="29.0719801" version="2" timestamp="2019-08-16T07:45:10Z" changeset="73402776" uid="9620039" user="batuhanc"/>
  <node id="2803213541" lat="41.2063128" lon="29.0720393" version="2" timestamp="2019-08-16T07:45:10Z" changeset="73402776" uid="9620039" user="batuhanc"/>
  <node id="2803213542" lat="41.2060490" lon="29.0720879" version="2" timestamp="2019-08-16T07:45:10Z" changeset="73402776" uid="9620039" user="batuhanc"/>
  <node id="2803213543" lat="41.2058815" lon="29.0721187" version="2" timestamp="2019-08-16T07:45:10Z" changeset="73402776" uid="9620039" user="batuhanc"/>
  <node id="2803213544" lat="41.2057916" lon="29.0721294" version="2" timestamp="2019-08-16T07:45:10Z" changeset="73402776" uid="9620039" user="batuhanc"/>
  <node id="2803213545" lat="41.2056709" lon="29.0721129" version="2" timestamp="2019-08-16T07:45:10Z" changeset="73402776" uid="9620039" user="batuhanc"/>
  <node id="2803213546" lat="41.2055739" lon="29.0720181" version="2" timestamp="2019-08-16T07:45:10Z" changeset="73402776" uid="9620039" user="batuhanc"/>
  <node id="2803213547" lat="41.2053283" lon="29.0720189" version="2" timestamp="2019-08-16T07:45:10Z" changeset="73402776" uid="9620039" user="batuhanc"/>
  <node id="2803213548" lat="41.2053043" lon="29.0719545" version="1" timestamp="2014-04-20T10:10:38Z" changeset="21813080" uid="2027085" user="canTurgay"/>
  <node id="2803213549" lat="41.2053131" lon="29.0711427" version="1" timestamp="2014-04-20T10:10:38Z" changeset="21813080" uid="2027085" user="canTurgay"/>
  <node id="2803213550" lat="41.2052999" lon="29.0707171" version="1" timestamp="2014-04-20T10:10:38Z" changeset="21813080" uid="2027085" user="canTurgay"/>
  <node id="2803213551" lat="41.2052604" lon="29.0704329" version="1" timestamp="2014-04-20T10:10:38Z" changeset="21813080" uid="2027085" user="canTurgay"/>
  <node id="2803213552" lat="41.2052265" lon="29.0702755" version="1" timestamp="2014-04-20T10:10:38Z" changeset="21813080" uid="2027085" user="canTurgay"/>
  <node id="2803213553" lat="41.2054172" lon="29.0702347" version="1" timestamp="2014-04-20T10:10:39Z" changeset="21813080" uid="2027085" user="canTurgay"/>
  <node id="2803213554" lat="41.2054052" lon="29.0700627" version="1" timestamp="2014-04-20T10:10:39Z" changeset="21813080" uid="2027085" user="canTurgay"/>
  <node id="2803213555" lat="41.2051552" lon="29.0700860" version="1" timestamp="2014-04-20T10:10:39Z" changeset="21813080" uid="2027085" user="canTurgay"/>
  <node id="2803213556" lat="41.2050642" lon="29.0699578" version="1" timestamp="2014-04-20T10:10:39Z" changeset="21813080" uid="2027085" user="canTurgay"/>
  <node id="2803213557" lat="41.2048854" lon="29.0697669" version="1" timestamp="2014-04-20T10:10:39Z" changeset="21813080" uid="2027085" user="canTurgay"/>
  <node id="2803213558" lat="41.2046629" lon="29.0695832" version="1" timestamp="2014-04-20T10:10:39Z" changeset="21813080" uid="2027085" user="canTurgay"/>
  <node id="2803213559" lat="41.2044600" lon="29.0695074" version="1" timestamp="2014-04-20T10:10:39Z" changeset="21813080" uid="2027085" user="canTurgay"/>
  <node id="2803213560" lat="41.2042319" lon="29.0694695" version="1" timestamp="2014-04-20T10:10:39Z" changeset="21813080" uid="2027085" user="canTurgay"/>
  <node id="2803213561" lat="41.2040159" lon="29.0694739" version="1" timestamp="2014-04-20T10:10:39Z" changeset="21813080" uid="2027085" user="canTurgay"/>
  <node id="2803213562" lat="41.2037791" lon="29.0694885" version="1" timestamp="2014-04-20T10:10:39Z" changeset="21813080" uid="2027085" user="canTurgay"/>
  <node id="2803213563" lat="41.2036530" lon="29.0695118" version="1" timestamp="2014-04-20T10:10:39Z" changeset="21813080" uid="2027085" user="canTurgay"/>
  <node id="2803213564" lat="41.2032582" lon="29.0696838" version="1" timestamp="2014-04-20T10:10:39Z" changeset="21813080" uid="2027085" user="canTurgay"/>
  <node id="2803213565" lat="41.2028635" lon="29.0698616" version="1" timestamp="2014-04-20T10:10:39Z" changeset="21813080" uid="2027085" user="canTurgay"/>
  <node id="2803213566" lat="41.2027373" lon="29.0699141" version="1" timestamp="2014-04-20T10:10:39Z" changeset="21813080" uid="2027085" user="canTurgay"/>
  <node id="2803213816" lat="41.2027037" lon="29.0707681" version="1" timestamp="2014-04-20T10:10:40Z" changeset="21813080" uid="2027085" user="canTurgay"/>
  <node id="2803213818" lat="41.2028517" lon="29.0708519" version="1" timestamp="2014-04-20T10:10:40Z" changeset="21813080" uid="2027085" user="canTurgay"/>
  <node id="2803213819" lat="41.2028444" lon="29.0709731" version="1" timestamp="2014-04-20T10:10:40Z" changeset="21813080" uid="2027085" user="canTurgay"/>
  <node id="2803213820" lat="41.2027971" lon="29.0710076" version="1" timestamp="2014-04-20T10:10:40Z" changeset="21813080" uid="2027085" user="canTurgay"/>
  <node id="2803213821" lat="41.2028317" lon="29.0712014" version="1" timestamp="2014-04-20T10:10:40Z" changeset="21813080" uid="2027085" user="canTurgay"/>
  <node id="2803213822" lat="41.2028657" lon="29.0711979" version="1" timestamp="2014-04-20T10:10:40Z" changeset="21813080" uid="2027085" user="canTurgay"/>
  <node id="2803213823" lat="41.2028863" lon="29.0712315" version="1" timestamp="2014-04-20T10:10:40Z" changeset="21813080" uid="2027085" user="canTurgay"/>
  <node id="2803213824" lat="41.2030401" lon="29.0711970" version="1" timestamp="2014-04-20T10:10:40Z" changeset="21813080" uid="2027085" user="canTurgay"/>
  <node id="2803213825" lat="41.2031220" lon="29.0711598" version="1" timestamp="2014-04-20T10:10:40Z" changeset="21813080" uid="2027085" user="canTurgay"/>
  <node id="2803213826" lat="41.2032245" lon="29.0711111" version="1" timestamp="2014-04-20T10:10:40Z" changeset="21813080" uid="2027085" user="canTurgay"/>
  <node id="2803213827" lat="41.2032286" lon="29.0709952" version="1" timestamp="2014-04-20T10:10:40Z" changeset="21813080" uid="2027085" user="canTurgay"/>
  <node id="2803213828" lat="41.2031454" lon="29.0709869" version="1" timestamp="2014-04-20T10:10:40Z" changeset="21813080" uid="2027085" user="canTurgay"/>
  <node id="2803213829" lat="41.2031360" lon="29.0710368" version="1" timestamp="2014-04-20T10:10:40Z" changeset="21813080" uid="2027085" user="canTurgay"/>
  <node id="2803213830" lat="41.2030960" lon="29.0710678" version="1" timestamp="2014-04-20T10:10:40Z" changeset="21813080" uid="2027085" user="canTurgay"/>
  <node id="2803213831" lat="41.2029436" lon="29.0711111" version="1" timestamp="2014-04-20T10:10:40Z" changeset="21813080" uid="2027085" user="canTurgay"/>
  <node id="2803213832" lat="41.2029189" lon="29.0711041" version="1" timestamp="2014-04-20T10:10:40Z" changeset="21813080" uid="2027085" user="canTurgay"/>
  <node id="2803213833" lat="41.2029263" lon="29.0710581" version="1" timestamp="2014-04-20T10:10:40Z" changeset="21813080" uid="2027085" user="canTurgay"/>
  <node id="2803213834" lat="41.2028870" lon="29.0710156" version="1" timestamp="2014-04-20T10:10:40Z" changeset="21813080" uid="2027085" user="canTurgay"/>
  <node id="2803213835" lat="41.2029016" lon="29.0709139" version="1" timestamp="2014-04-20T10:10:40Z" changeset="21813080" uid="2027085" user="canTurgay"/>
  <node id="2803213836" lat="41.2023681" lon="29.0700203" version="1" timestamp="2014-04-20T10:10:40Z" changeset="21813080" uid="2027085" user="canTurgay"/>
  <node id="2803213837" lat="41.2015697" lon="29.0699243" version="1" timestamp="2014-04-20T10:10:40Z" changeset="21813080" uid="2027085" user="canTurgay"/>
  <node id="2803213838" lat="41.2007117" lon="29.0699387" version="1" timestamp="2014-04-20T10:10:40Z" changeset="21813080" uid="2027085" user="canTurgay"/>
  <node id="2803213839" lat="41.2004986" lon="29.0698907" version="1" timestamp="2014-04-20T10:10:40Z" changeset="21813080" uid="2027085" user="canTurgay"/>
  <node id="2803213840" lat="41.1999296" lon="29.0695978" version="1" timestamp="2014-04-20T10:10:40Z" changeset="21813080" uid="2027085" user="canTurgay"/>
  <node id="2803213841" lat="41.1991274" lon="29.0689579" version="2" timestamp="2019-10-01T08:32:31Z" changeset="75136209" uid="9206516" user="erenozdemir"/>
  <node id="2803213842" lat="41.1993751" lon="29.0691705" version="1" timestamp="2014-04-20T10:10:40Z" changeset="21813080" uid="2027085" user="canTurgay"/>
  <node id="2803213843" lat="41.1984735" lon="29.0684134" version="2" timestamp="2019-10-01T08:32:31Z" changeset="75136209" uid="9206516" user="erenozdemir"/>
  <node id="2803229158" lat="41.2021875" lon="29.0747966" version="1" timestamp="2014-04-20T10:22:48Z" changeset="21813258" uid="2027085" user="canTurgay"/>
  <node id="2803229159" lat="41.2020387" lon="29.0749192" version="1" timestamp="2014-04-20T10:22:48Z" changeset="21813258" uid="2027085" user="canTurgay"/>
  <node id="2803229160" lat="41.2014616" lon="29.0747491" version="1" timestamp="2014-04-20T10:22:48Z" changeset="21813258" uid="2027085" user="canTurgay"/>
  <node id="2803229161" lat="41.2004530" lon="29.0741599" version="1" timestamp="2014-04-20T10:22:48Z" changeset="21813258" uid="2027085" user="canTurgay"/>
  <node id="2803229162" lat="41.1999739" lon="29.0737329" version="1" timestamp="2014-04-20T10:22:48Z" changeset="21813258" uid="2027085" user="canTurgay"/>
  <node id="2803229163" lat="41.1988195" lon="29.0744605" version="1" timestamp="2014-04-20T10:22:48Z" changeset="21813258" uid="2027085" user="canTurgay"/>
  <node id="2803229164" lat="41.1986261" lon="29.0742746" version="1" timestamp="2014-04-20T10:22:48Z" changeset="21813258" uid="2027085" user="canTurgay"/>
  <node id="2803229165" lat="41.1987481" lon="29.0740967" version="1" timestamp="2014-04-20T10:22:48Z" changeset="21813258" uid="2027085" user="canTurgay"/>
  <node id="2803229166" lat="41.2007178" lon="29.0757496" version="1" timestamp="2014-04-20T10:22:48Z" changeset="21813258" uid="2027085" user="canTurgay"/>
  <node id="2803229167" lat="41.2006166" lon="29.0755321" version="1" timestamp="2014-04-20T10:22:48Z" changeset="21813258" uid="2027085" user="canTurgay"/>
  <node id="2803229168" lat="41.2009111" lon="29.0760422" version="1" timestamp="2014-04-20T10:22:48Z" changeset="21813258" uid="2027085" user="canTurgay"/>
  <node id="2803229169" lat="41.2032913" lon="29.0775527" version="1" timestamp="2014-04-20T10:22:48Z" changeset="21813258" uid="2027085" user="canTurgay"/>
  <node id="2803229170" lat="41.2025118" lon="29.0774380" version="1" timestamp="2014-04-20T10:22:48Z" changeset="21813258" uid="2027085" user="canTurgay"/>
  <node id="2803229171" lat="41.2023006" lon="29.0774143" version="1" timestamp="2014-04-20T10:22:48Z" changeset="21813258" uid="2027085" user="canTurgay"/>
  <node id="2803229172" lat="41.2041184" lon="29.0774855" version="1" timestamp="2014-04-20T10:22:48Z" changeset="21813258" uid="2027085" user="canTurgay"/>
  <node id="2803229173" lat="41.2056535" lon="29.0779956" version="1" timestamp="2014-04-20T10:22:48Z" changeset="21813258" uid="2027085" user="canTurgay"/>
  <node id="2803229174" lat="41.2053292" lon="29.0777702" version="1" timestamp="2014-04-20T10:22:48Z" changeset="21813258" uid="2027085" user="canTurgay"/>
  <node id="2803229175" lat="41.2115765" lon="29.0811669" version="1" timestamp="2014-04-20T10:22:48Z" changeset="21813258" uid="2027085" user="canTurgay"/>
  <node id="2803229176" lat="41.2121060" lon="29.0815663" version="1" timestamp="2014-04-20T10:22:48Z" changeset="21813258" uid="2027085" user="canTurgay"/>
  <node id="2803229177" lat="41.2128437" lon="29.0816019" version="1" timestamp="2014-04-20T10:22:48Z" changeset="21813258" uid="2027085" user="canTurgay"/>
  <node id="2803229178" lat="41.2127188" lon="29.0816098" version="1" timestamp="2014-04-20T10:22:48Z" changeset="21813258" uid="2027085" user="canTurgay"/>
  <node id="2803229179" lat="41.2141585" lon="29.0822465" version="1" timestamp="2014-04-20T10:22:48Z" changeset="21813258" uid="2027085" user="canTurgay"/>
  <node id="2803229180" lat="41.2145214" lon="29.0821911" version="1" timestamp="2014-04-20T10:22:48Z" changeset="21813258" uid="2027085" user="canTurgay"/>
  <node id="2803229181" lat="41.2158362" lon="29.0827131" version="1" timestamp="2014-04-20T10:22:48Z" changeset="21813258" uid="2027085" user="canTurgay"/>
  <node id="2803229182" lat="41.2162050" lon="29.0824284" version="1" timestamp="2014-04-20T10:22:48Z" changeset="21813258" uid="2027085" user="canTurgay"/>
  <node id="2803229183" lat="41.2166215" lon="29.0827289" version="1" timestamp="2014-04-20T10:22:48Z" changeset="21813258" uid="2027085" user="canTurgay"/>
  <node id="2803229184" lat="41.2170557" lon="29.0830373" version="1" timestamp="2014-04-20T10:22:48Z" changeset="21813258" uid="2027085" user="canTurgay"/>
  <node id="2803229185" lat="41.2179124" lon="29.0830531" version="1" timestamp="2014-04-20T10:22:49Z" changeset="21813258" uid="2027085" user="canTurgay"/>
  <node id="2803229186" lat="41.2174305" lon="29.0831204" version="1" timestamp="2014-04-20T10:22:49Z" changeset="21813258" uid="2027085" user="canTurgay"/>
  <node id="2803229187" lat="41.2176625" lon="29.0830294" version="1" timestamp="2014-04-20T10:22:49Z" changeset="21813258" uid="2027085" user="canTurgay"/>
  <node id="2803229188" lat="41.2191493" lon="29.0841724" version="3" timestamp="2017-06-04T14:11:07Z" changeset="49243574" uid="113816" user="erkinalp"/>
  <node id="2803229189" lat="41.2185694" lon="29.0835090" version="1" timestamp="2014-04-20T10:22:49Z" changeset="21813258" uid="2027085" user="canTurgay"/>
  <node id="2803229190" lat="41.2188927" lon="29.0838087" version="1" timestamp="2014-04-20T10:22:49Z" changeset="21813258" uid="2027085" user="canTurgay"/>
  <node id="2803229191" lat="41.2187445" lon="29.0836310" version="1" timestamp="2014-04-20T10:22:49Z" changeset="21813258" uid="2027085" user="canTurgay"/>
  <node id="2803229192" lat="41.2189998" lon="29.0839795" version="3" timestamp="2017-06-04T14:11:07Z" changeset="49243574" uid="113816" user="erkinalp"/>
  <node id="2803229193" lat="41.2182389" lon="29.0832395" version="1" timestamp="2014-04-20T10:22:49Z" changeset="21813258" uid="2027085" user="canTurgay"/>
  <node id="2803229194" lat="41.2200294" lon="29.0850940" version="1" timestamp="2014-04-20T10:22:49Z" changeset="21813258" uid="2027085" user="canTurgay"/>
  <node id="2803229195" lat="41.2197766" lon="29.0847500" version="1" timestamp="2014-04-20T10:22:49Z" changeset="21813258" uid="2027085" user="canTurgay"/>
  <node id="2803229196" lat="41.2194346" lon="29.0845167" version="1" timestamp="2014-04-20T10:22:49Z" changeset="21813258" uid="2027085" user="canTurgay"/>
  <node id="2803229197" lat="41.2202258" lon="29.0855409" version="1" timestamp="2014-04-20T10:22:49Z" changeset="21813258" uid="2027085" user="canTurgay"/>
  <node id="2803229198" lat="41.2205559" lon="29.0859126" version="1" timestamp="2014-04-20T10:22:49Z" changeset="21813258" uid="2027085" user="canTurgay"/>
  <node id="2803229199" lat="41.2203180" lon="29.0858137" version="1" timestamp="2014-04-20T10:22:49Z" changeset="21813258" uid="2027085" user="canTurgay"/>
  <node id="2803229200" lat="41.2209812" lon="29.0858968" version="1" timestamp="2014-04-20T10:22:49Z" changeset="21813258" uid="2027085" user="canTurgay"/>
  <node id="2803229601" lat="41.2215999" lon="29.0864464" version="1" timestamp="2014-04-20T10:22:49Z" changeset="21813258" uid="2027085" user="canTurgay"/>
  <node id="2803229602" lat="41.2213144" lon="29.0861380" version="1" timestamp="2014-04-20T10:22:49Z" changeset="21813258" uid="2027085" user="canTurgay"/>
  <node id="2803229603" lat="41.2225249" lon="29.0873045" version="1" timestamp="2014-04-20T10:22:49Z" changeset="21813258" uid="2027085" user="canTurgay"/>
  <node id="2803229604" lat="41.2220758" lon="29.0868695" version="1" timestamp="2014-04-20T10:22:49Z" changeset="21813258" uid="2027085" user="canTurgay"/>
  <node id="2803229605" lat="41.2222721" lon="29.0871463" version="1" timestamp="2014-04-20T10:22:49Z" changeset="21813258" uid="2027085" user="canTurgay"/>
  <node id="2803229606" lat="41.2217932" lon="29.0866758" version="1" timestamp="2014-04-20T10:22:49Z" changeset="21813258" uid="2027085" user="canTurgay"/>
  <node id="2803229607" lat="41.2237146" lon="29.0889969" version="1" timestamp="2014-04-20T10:22:49Z" changeset="21813258" uid="2027085" user="canTurgay"/>
  <node id="2803229608" lat="41.2230959" lon="29.0882614" version="1" timestamp="2014-04-20T10:22:49Z" changeset="21813258" uid="2027085" user="canTurgay"/>
  <node id="2803229609" lat="41.2244373" lon="29.0895901" version="1" timestamp="2014-04-20T10:22:49Z" changeset="21813258" uid="2027085" user="canTurgay"/>
  <node id="2813086194" lat="41.2028561" lon="29.0713161" version="1" timestamp="2014-04-24T11:18:39Z" changeset="21905361" uid="2027085" user="canTurgay"/>
  <node id="2813086195" lat="41.2031982" lon="29.0711441" version="1" timestamp="2014-04-24T11:18:39Z" changeset="21905361" uid="2027085" user="canTurgay"/>
  <node id="2813086197" lat="41.2039099" lon="29.0713918" version="1" timestamp="2014-04-24T11:18:39Z" changeset="21905361" uid="2027085" user="canTurgay"/>
  <node id="2813086198" lat="41.2032596" lon="29.0711178" version="1" timestamp="2014-04-24T11:18:39Z" changeset="21905361" uid="2027085" user="canTurgay"/>
  <node id="2813086199" lat="41.2032772" lon="29.0710610" version="1" timestamp="2014-04-24T11:18:40Z" changeset="21905361" uid="2027085" user="canTurgay"/>
  <node id="2813086200" lat="41.2035085" lon="29.0711018" version="1" timestamp="2014-04-24T11:18:40Z" changeset="21905361" uid="2027085" user="canTurgay"/>
  <node id="2813091001" lat="41.2036851" lon="29.0712301" version="1" timestamp="2014-04-24T11:18:40Z" changeset="21905361" uid="2027085" user="canTurgay"/>
  <node id="2813091002" lat="41.2040404" lon="29.0714953" version="1" timestamp="2014-04-24T11:18:40Z" changeset="21905361" uid="2027085" user="canTurgay"/>
  <node id="2813091003" lat="41.2042180" lon="29.0716221" version="1" timestamp="2014-04-24T11:18:40Z" changeset="21905361" uid="2027085" user="canTurgay"/>
  <node id="2813091004" lat="41.2042827" lon="29.0717037" version="1" timestamp="2014-04-24T11:18:40Z" changeset="21905361" uid="2027085" user="canTurgay"/>
  <node id="2813091005" lat="41.2043265" lon="29.0717970" version="1" timestamp="2014-04-24T11:18:40Z" changeset="21905361" uid="2027085" user="canTurgay"/>
  <node id="2813091006" lat="41.2043452" lon="29.0719005" version="1" timestamp="2014-04-24T11:18:40Z" changeset="21905361" uid="2027085" user="canTurgay"/>
  <node id="2813091007" lat="41.2043452" lon="29.0721512" version="1" timestamp="2014-04-24T11:18:40Z" changeset="21905361" uid="2027085" user="canTurgay"/>
  <node id="2813091010" lat="41.2043507" lon="29.0724864" version="1" timestamp="2014-04-24T11:18:40Z" changeset="21905361" uid="2027085" user="canTurgay"/>
  <node id="2813091011" lat="41.2043507" lon="29.0728347" version="1" timestamp="2014-04-24T11:18:40Z" changeset="21905361" uid="2027085" user="canTurgay"/>
  <node id="2813091012" lat="41.2043671" lon="29.0731291" version="1" timestamp="2014-04-24T11:18:40Z" changeset="21905361" uid="2027085" user="canTurgay"/>
  <node id="2813091013" lat="41.2044230" lon="29.0733900" version="1" timestamp="2014-04-24T11:18:40Z" changeset="21905361" uid="2027085" user="canTurgay"/>
  <node id="2813091018" lat="41.2045206" lon="29.0736421" version="1" timestamp="2014-04-24T11:18:40Z" changeset="21905361" uid="2027085" user="canTurgay"/>
  <node id="2813091019" lat="41.2046774" lon="29.0739671" version="1" timestamp="2014-04-24T11:18:40Z" changeset="21905361" uid="2027085" user="canTurgay"/>
  <node id="2813091020" lat="41.2048233" lon="29.0742018" version="1" timestamp="2014-04-24T11:18:40Z" changeset="21905361" uid="2027085" user="canTurgay"/>
  <node id="2813091021" lat="41.2049088" lon="29.0743140" version="1" timestamp="2014-04-24T11:18:40Z" changeset="21905361" uid="2027085" user="canTurgay"/>
  <node id="2813091026" lat="41.2049899" lon="29.0743898" version="1" timestamp="2014-04-24T11:18:40Z" changeset="21905361" uid="2027085" user="canTurgay"/>
  <node id="2813091027" lat="41.2051226" lon="29.0744728" version="1" timestamp="2014-04-24T11:18:40Z" changeset="21905361" uid="2027085" user="canTurgay"/>
  <node id="2813091028" lat="41.2052860" lon="29.0745690" version="1" timestamp="2014-04-24T11:18:40Z" changeset="21905361" uid="2027085" user="canTurgay"/>
  <node id="2813091029" lat="41.2053507" lon="29.0746171" version="1" timestamp="2014-04-24T11:18:40Z" changeset="21905361" uid="2027085" user="canTurgay"/>
  <node id="2813091030" lat="41.2054241" lon="29.0747017" version="1" timestamp="2014-04-24T11:18:40Z" changeset="21905361" uid="2027085" user="canTurgay"/>
  <node id="2813091031" lat="41.2055755" lon="29.0749421" version="1" timestamp="2014-04-24T11:18:40Z" changeset="21905361" uid="2027085" user="canTurgay"/>
  <node id="2813091032" lat="41.2057915" lon="29.0752322" version="1" timestamp="2014-04-24T11:18:40Z" changeset="21905361" uid="2027085" user="canTurgay"/>
  <node id="2813091033" lat="41.2059592" lon="29.0754231" version="1" timestamp="2014-04-24T11:18:40Z" changeset="21905361" uid="2027085" user="canTurgay"/>
  <node id="2813091034" lat="41.2060755" lon="29.0755295" version="1" timestamp="2014-04-24T11:18:40Z" changeset="21905361" uid="2027085" user="canTurgay"/>
  <node id="2813091035" lat="41.2062038" lon="29.0756738" version="1" timestamp="2014-04-24T11:18:40Z" changeset="21905361" uid="2027085" user="canTurgay"/>
  <node id="2813091036" lat="41.2063452" lon="29.0757801" version="1" timestamp="2014-04-24T11:18:40Z" changeset="21905361" uid="2027085" user="canTurgay"/>
  <node id="2813091037" lat="41.2065711" lon="29.0759623" version="1" timestamp="2014-04-24T11:18:40Z" changeset="21905361" uid="2027085" user="canTurgay"/>
  <node id="2813091041" lat="41.2067344" lon="29.0760964" version="1" timestamp="2014-04-24T11:18:40Z" changeset="21905361" uid="2027085" user="canTurgay"/>
  <node id="2813091042" lat="41.2068912" lon="29.0761941" version="1" timestamp="2014-04-24T11:18:40Z" changeset="21905361" uid="2027085" user="canTurgay"/>
  <node id="2813091043" lat="41.2070952" lon="29.0763136" version="1" timestamp="2014-04-24T11:18:40Z" changeset="21905361" uid="2027085" user="canTurgay"/>
  <node id="2813091044" lat="41.2072641" lon="29.0763791" version="2" timestamp="2019-08-16T07:33:05Z" changeset="73402318" uid="9620039" user="batuhanc"/>
  <node id="2813091045" lat="41.2074157" lon="29.0763717" version="2" timestamp="2019-08-16T07:33:05Z" changeset="73402318" uid="9620039" user="batuhanc"/>
  <node id="2813091046" lat="41.2075568" lon="29.0763623" version="2" timestamp="2019-08-16T07:33:05Z" changeset="73402318" uid="9620039" user="batuhanc"/>
  <node id="2813091047" lat="41.2092044" lon="29.0777754" version="1" timestamp="2014-04-24T11:18:40Z" changeset="21905361" uid="2027085" user="canTurgay"/>
  <node id="2813091051" lat="41.2076501" lon="29.0763354" version="2" timestamp="2019-08-16T07:33:05Z" changeset="73402318" uid="9620039" user="batuhanc"/>
  <node id="2813091053" lat="41.2078259" lon="29.0762635" version="2" timestamp="2019-08-16T07:33:05Z" changeset="73402318" uid="9620039" user="batuhanc"/>
  <node id="2813091056" lat="41.2081386" lon="29.0761242" version="2" timestamp="2019-08-16T07:33:05Z" changeset="73402318" uid="9620039" user="batuhanc"/>
  <node id="2813091059" lat="41.2082710" lon="29.0760598" version="2" timestamp="2019-08-16T07:33:05Z" changeset="73402318" uid="9620039" user="batuhanc"/>
  <node id="2813091060" lat="41.2083964" lon="29.0759901" version="1" timestamp="2014-04-24T11:18:41Z" changeset="21905361" uid="2027085" user="canTurgay"/>
  <node id="2813091061" lat="41.2085071" lon="29.0760629" version="1" timestamp="2014-04-24T11:18:41Z" changeset="21905361" uid="2027085" user="canTurgay"/>
  <node id="2813091062" lat="41.2086442" lon="29.0761383" version="2" timestamp="2019-08-16T07:33:05Z" changeset="73402318" uid="9620039" user="batuhanc"/>
  <node id="2813091065" lat="41.2087549" lon="29.0763413" version="1" timestamp="2014-04-24T11:18:41Z" changeset="21905361" uid="2027085" user="canTurgay"/>
  <node id="2813091066" lat="41.2088536" lon="29.0764258" version="1" timestamp="2014-04-24T11:18:41Z" changeset="21905361" uid="2027085" user="canTurgay"/>
  <node id="2813091067" lat="41.2090104" lon="29.0765249" version="1" timestamp="2014-04-24T11:18:41Z" changeset="21905361" uid="2027085" user="canTurgay"/>
  <node id="2813091068" lat="41.2091244" lon="29.0765818" version="1" timestamp="2014-04-24T11:18:41Z" changeset="21905361" uid="2027085" user="canTurgay"/>
  <node id="2813091069" lat="41.2091694" lon="29.0766153" version="1" timestamp="2014-04-24T11:18:41Z" changeset="21905361" uid="2027085" user="canTurgay"/>
  <node id="2813091070" lat="41.2091540" lon="29.0769636" version="2" timestamp="2026-03-24T19:16:51Z" changeset="180371527" uid="3997418" user="Alikam"/>
  <node id="2813091072" lat="41.2091891" lon="29.0770030" version="1" timestamp="2014-04-24T11:18:41Z" changeset="21905361" uid="2027085" user="canTurgay"/>
  <node id="2813091073" lat="41.2091913" lon="29.0773877" version="1" timestamp="2014-04-24T11:18:41Z" changeset="21905361" uid="2027085" user="canTurgay"/>
  <node id="2813094155" lat="41.2101514" lon="29.0724206" version="1" timestamp="2014-04-24T11:26:33Z" changeset="21905507" uid="2027085" user="canTurgay"/>
  <node id="2813094156" lat="41.2108883" lon="29.0725935" version="1" timestamp="2014-04-24T11:26:33Z" changeset="21905507" uid="2027085" user="canTurgay"/>
  <node id="2813094157" lat="41.2094507" lon="29.0724110" version="1" timestamp="2014-04-24T11:26:33Z" changeset="21905507" uid="2027085" user="canTurgay"/>
  <node id="2813094170" lat="41.2184947" lon="29.0794475" version="2" timestamp="2018-09-19T11:24:04Z" changeset="62726620" uid="4910048" user="Murat Besler"/>
  <node id="2813094174" lat="41.2197889" lon="29.0762655" version="1" timestamp="2014-04-24T11:26:33Z" changeset="21905507" uid="2027085" user="canTurgay"/>
  <node id="2813095611" lat="41.2098287" lon="29.0759128" version="1" timestamp="2014-04-24T11:24:28Z" changeset="21905470" uid="2027085" user="canTurgay"/>
  <node id="2813095612" lat="41.2100526" lon="29.0758936" version="1" timestamp="2014-04-24T11:24:28Z" changeset="21905470" uid="2027085" user="canTurgay"/>
  <node id="2813095613" lat="41.2104463" lon="29.0759464" version="1" timestamp="2014-04-24T11:24:28Z" changeset="21905470" uid="2027085" user="canTurgay"/>
  <node id="2813095614" lat="41.2113710" lon="29.0761337" version="1" timestamp="2014-04-24T11:24:28Z" changeset="21905470" uid="2027085" user="canTurgay"/>
  <node id="2813095615" lat="41.2121150" lon="29.0762729" version="1" timestamp="2014-04-24T11:24:28Z" changeset="21905470" uid="2027085" user="canTurgay"/>
  <node id="2813095616" lat="41.2126921" lon="29.0765277" version="1" timestamp="2014-04-24T11:24:28Z" changeset="21905470" uid="2027085" user="canTurgay"/>
  <node id="2813095617" lat="41.2137035" lon="29.0769231" version="1" timestamp="2014-04-24T11:24:28Z" changeset="21905470" uid="2027085" user="canTurgay"/>
  <node id="2813095618" lat="41.2139415" lon="29.0770180" version="1" timestamp="2014-04-24T11:24:28Z" changeset="21905470" uid="2027085" user="canTurgay"/>
  <node id="2813095619" lat="41.2147090" lon="29.0774846" version="1" timestamp="2014-04-24T11:24:28Z" changeset="21905470" uid="2027085" user="canTurgay"/>
  <node id="2813095620" lat="41.2154942" lon="29.0779196" version="1" timestamp="2014-04-24T11:24:28Z" changeset="21905470" uid="2027085" user="canTurgay"/>
  <node id="2813095621" lat="41.2159285" lon="29.0780540" version="1" timestamp="2014-04-24T11:24:28Z" changeset="21905470" uid="2027085" user="canTurgay"/>
  <node id="2813095622" lat="41.2165175" lon="29.0783071" version="1" timestamp="2014-04-24T11:24:28Z" changeset="21905470" uid="2027085" user="canTurgay"/>
  <node id="2813095623" lat="41.2171421" lon="29.0787895" version="1" timestamp="2014-04-24T11:24:28Z" changeset="21905470" uid="2027085" user="canTurgay"/>
  <node id="2813095624" lat="41.2176656" lon="29.0790980" version="1" timestamp="2014-04-24T11:24:28Z" changeset="21905470" uid="2027085" user="canTurgay"/>
  <node id="2813095625" lat="41.2182980" lon="29.0793452" version="2" timestamp="2018-09-19T11:24:04Z" changeset="62726620" uid="4910048" user="Murat Besler"/>
  <node id="2813155764" lat="41.2047715" lon="29.0892377" version="2" timestamp="2018-09-19T12:28:01Z" changeset="62728776" uid="4910048" user="Murat Besler"/>
  <node id="2814247545" lat="41.2050633" lon="29.0719661" version="2" timestamp="2019-10-04T07:44:47Z" changeset="75265803" uid="9237592" user="Burcu Bayasli"/>
  <node id="2814247546" lat="41.2050584" lon="29.0717389" version="2" timestamp="2019-10-04T07:44:47Z" changeset="75265803" uid="9237592" user="Burcu Bayasli"/>
  <node id="2814247547" lat="41.2046198" lon="29.0717554" version="2" timestamp="2019-10-04T07:44:47Z" changeset="75265803" uid="9237592" user="Burcu Bayasli"/>
  <node id="2814247548" lat="41.2046246" lon="29.0719826" version="2" timestamp="2019-10-04T07:44:47Z" changeset="75265803" uid="9237592" user="Burcu Bayasli"/>
  <node id="2814261127" lat="41.2055707" lon="29.0730748" version="2" timestamp="2021-02-05T09:45:22Z" changeset="98757771" uid="10085618" user="MeteOz"/>
  <node id="2814261128" lat="41.2055775" lon="29.0735677" version="2" timestamp="2021-02-05T09:45:22Z" changeset="98757771" uid="10085618" user="MeteOz"/>
  <node id="2814261129" lat="41.2060378" lon="29.0735563" version="2" timestamp="2021-02-05T09:45:22Z" changeset="98757771" uid="10085618" user="MeteOz"/>
  <node id="2837706042" lat="41.2023181" lon="29.0749553" version="1" timestamp="2014-05-05T13:28:18Z" changeset="22146800" uid="2027085" user="canTurgay"/>
  <node id="2837706043" lat="41.2025361" lon="29.0752825" version="1" timestamp="2014-05-05T13:28:18Z" changeset="22146800" uid="2027085" user="canTurgay"/>
  <node id="2837706044" lat="41.2028186" lon="29.0756044" version="1" timestamp="2014-05-05T13:28:18Z" changeset="22146800" uid="2027085" user="canTurgay"/>
  <node id="2837706045" lat="41.2031617" lon="29.0759799" version="1" timestamp="2014-05-05T13:28:18Z" changeset="22146800" uid="2027085" user="canTurgay"/>
  <node id="2837706046" lat="41.2033675" lon="29.0762642" version="1" timestamp="2014-05-05T13:28:18Z" changeset="22146800" uid="2027085" user="canTurgay"/>
  <node id="2837706047" lat="41.2036985" lon="29.0765163" version="1" timestamp="2014-05-05T13:28:18Z" changeset="22146800" uid="2027085" user="canTurgay"/>
  <node id="2837706048" lat="41.2040940" lon="29.0767792" version="1" timestamp="2014-05-05T13:28:18Z" changeset="22146800" uid="2027085" user="canTurgay"/>
  <node id="2837706049" lat="41.2045137" lon="29.0770206" version="1" timestamp="2014-05-05T13:28:18Z" changeset="22146800" uid="2027085" user="canTurgay"/>
  <node id="2837706050" lat="41.2047559" lon="29.0772030" version="1" timestamp="2014-05-05T13:28:18Z" changeset="22146800" uid="2027085" user="canTurgay"/>
  <node id="2837706051" lat="41.2049981" lon="29.0772888" version="1" timestamp="2014-05-05T13:28:18Z" changeset="22146800" uid="2027085" user="canTurgay"/>
  <node id="2837706052" lat="41.2050586" lon="29.0770367" version="1" timestamp="2014-05-05T13:28:18Z" changeset="22146800" uid="2027085" user="canTurgay"/>
  <node id="2837706053" lat="41.2051151" lon="29.0764895" version="1" timestamp="2014-05-05T13:28:18Z" changeset="22146800" uid="2027085" user="canTurgay"/>
  <node id="2837706054" lat="41.2052443" lon="29.0753254" version="1" timestamp="2014-05-05T13:28:18Z" changeset="22146800" uid="2027085" user="canTurgay"/>
  <node id="2837706055" lat="41.2052967" lon="29.0748855" version="1" timestamp="2014-05-05T13:28:18Z" changeset="22146800" uid="2027085" user="canTurgay"/>
  <node id="2837706056" lat="41.2053492" lon="29.0752289" version="1" timestamp="2014-05-05T13:28:18Z" changeset="22146800" uid="2027085" user="canTurgay"/>
  <node id="2837706057" lat="41.2055227" lon="29.0752289" version="1" timestamp="2014-05-05T13:28:18Z" changeset="22146800" uid="2027085" user="canTurgay"/>
  <node id="2837706058" lat="41.2056317" lon="29.0753630" version="1" timestamp="2014-05-05T13:28:18Z" changeset="22146800" uid="2027085" user="canTurgay"/>
  <node id="2837706059" lat="41.2053008" lon="29.0768704" version="1" timestamp="2014-05-05T13:28:18Z" changeset="22146800" uid="2027085" user="canTurgay"/>
  <node id="2837706060" lat="41.2055348" lon="29.0770152" version="1" timestamp="2014-05-05T13:28:18Z" changeset="22146800" uid="2027085" user="canTurgay"/>
  <node id="2837706061" lat="41.2057084" lon="29.0771171" version="1" timestamp="2014-05-05T13:28:18Z" changeset="22146800" uid="2027085" user="canTurgay"/>
  <node id="2837706062" lat="41.2058698" lon="29.0771171" version="1" timestamp="2014-05-05T13:28:18Z" changeset="22146800" uid="2027085" user="canTurgay"/>
  <node id="2837706063" lat="41.2060514" lon="29.0772781" version="1" timestamp="2014-05-05T13:28:18Z" changeset="22146800" uid="2027085" user="canTurgay"/>
  <node id="2837706064" lat="41.2061362" lon="29.0776804" version="1" timestamp="2014-05-05T13:28:18Z" changeset="22146800" uid="2027085" user="canTurgay"/>
  <node id="2837706065" lat="41.2062653" lon="29.0779218" version="1" timestamp="2014-05-05T13:28:18Z" changeset="22146800" uid="2027085" user="canTurgay"/>
  <node id="2837706066" lat="41.2064429" lon="29.0780344" version="1" timestamp="2014-05-05T13:28:18Z" changeset="22146800" uid="2027085" user="canTurgay"/>
  <node id="2837706067" lat="41.2066931" lon="29.0781417" version="1" timestamp="2014-05-05T13:28:18Z" changeset="22146800" uid="2027085" user="canTurgay"/>
  <node id="2837706068" lat="41.2070564" lon="29.0780398" version="1" timestamp="2014-05-05T13:28:18Z" changeset="22146800" uid="2027085" user="canTurgay"/>
  <node id="2837706069" lat="41.2074438" lon="29.0778521" version="1" timestamp="2014-05-05T13:28:18Z" changeset="22146800" uid="2027085" user="canTurgay"/>
  <node id="2837706070" lat="41.2076940" lon="29.0775785" version="1" timestamp="2014-05-05T13:28:18Z" changeset="22146800" uid="2027085" user="canTurgay"/>
  <node id="2837706071" lat="41.2079200" lon="29.0772888" version="1" timestamp="2014-05-05T13:28:18Z" changeset="22146800" uid="2027085" user="canTurgay"/>
  <node id="2837706072" lat="41.2081339" lon="29.0771386" version="1" timestamp="2014-05-05T13:28:18Z" changeset="22146800" uid="2027085" user="canTurgay"/>
  <node id="2837706073" lat="41.2081581" lon="29.0774712" version="1" timestamp="2014-05-05T13:28:18Z" changeset="22146800" uid="2027085" user="canTurgay"/>
  <node id="2837706074" lat="41.2082308" lon="29.0778091" version="1" timestamp="2014-05-05T13:28:18Z" changeset="22146800" uid="2027085" user="canTurgay"/>
  <node id="2837706075" lat="41.2084084" lon="29.0780023" version="1" timestamp="2014-05-05T13:28:18Z" changeset="22146800" uid="2027085" user="canTurgay"/>
  <node id="2837706076" lat="41.2086344" lon="29.0782651" version="1" timestamp="2014-05-05T13:28:18Z" changeset="22146800" uid="2027085" user="canTurgay"/>
  <node id="2837706077" lat="41.2090944" lon="29.0786460" version="1" timestamp="2014-05-05T13:28:18Z" changeset="22146800" uid="2027085" user="canTurgay"/>
  <node id="2837706078" lat="41.2093608" lon="29.0787050" version="1" timestamp="2014-05-05T13:28:18Z" changeset="22146800" uid="2027085" user="canTurgay"/>
  <node id="2837706079" lat="41.2095946" lon="29.0787207" version="1" timestamp="2014-05-05T13:28:18Z" changeset="22146800" uid="2027085" user="canTurgay"/>
  <node id="2837706080" lat="41.2050317" lon="29.0776492" version="1" timestamp="2014-05-05T13:28:18Z" changeset="22146800" uid="2027085" user="canTurgay"/>
  <node id="2837706081" lat="41.2050223" lon="29.0785280" version="1" timestamp="2014-05-05T13:28:18Z" changeset="22146800" uid="2027085" user="canTurgay"/>
  <node id="2837706082" lat="41.2049819" lon="29.0798637" version="1" timestamp="2014-05-05T13:28:18Z" changeset="22146800" uid="2027085" user="canTurgay"/>
  <node id="2837706083" lat="41.2049698" lon="29.0812102" version="1" timestamp="2014-05-05T13:28:18Z" changeset="22146800" uid="2027085" user="canTurgay"/>
  <node id="2837706084" lat="41.2049712" lon="29.0818208" version="1" timestamp="2014-05-05T13:28:18Z" changeset="22146800" uid="2027085" user="canTurgay"/>
  <node id="2837706085" lat="41.2049698" lon="29.0823313" version="1" timestamp="2014-05-05T13:28:19Z" changeset="22146800" uid="2027085" user="canTurgay"/>
  <node id="2837706086" lat="41.2049133" lon="29.0838066" version="1" timestamp="2014-05-05T13:28:19Z" changeset="22146800" uid="2027085" user="canTurgay"/>
  <node id="2837706087" lat="41.2049496" lon="29.0840748" version="1" timestamp="2014-05-05T13:28:19Z" changeset="22146800" uid="2027085" user="canTurgay"/>
  <node id="2837706088" lat="41.2048931" lon="29.0844610" version="1" timestamp="2014-05-05T13:28:19Z" changeset="22146800" uid="2027085" user="canTurgay"/>
  <node id="2837706089" lat="41.2048851" lon="29.0852442" version="1" timestamp="2014-05-05T13:28:19Z" changeset="22146800" uid="2027085" user="canTurgay"/>
  <node id="2837706090" lat="41.2048689" lon="29.0867033" version="1" timestamp="2014-05-05T13:28:19Z" changeset="22146800" uid="2027085" user="canTurgay"/>
  <node id="2837706091" lat="41.2048407" lon="29.0881464" version="1" timestamp="2014-05-05T13:28:19Z" changeset="22146800" uid="2027085" user="canTurgay"/>
  <node id="2837706092" lat="41.2047196" lon="29.0896806" version="1" timestamp="2014-05-05T13:28:19Z" changeset="22146800" uid="2027085" user="canTurgay"/>
  <node id="2837706093" lat="41.2047034" lon="29.0908500" version="1" timestamp="2014-05-05T13:28:19Z" changeset="22146800" uid="2027085" user="canTurgay"/>
  <node id="2837706094" lat="41.2046954" lon="29.0916118" version="1" timestamp="2014-05-05T13:28:19Z" changeset="22146800" uid="2027085" user="canTurgay"/>
  <node id="2837706095" lat="41.2047236" lon="29.0917674" version="1" timestamp="2014-05-05T13:28:19Z" changeset="22146800" uid="2027085" user="canTurgay"/>
  <node id="2837706096" lat="41.2048124" lon="29.0918854" version="1" timestamp="2014-05-05T13:28:19Z" changeset="22146800" uid="2027085" user="canTurgay"/>
  <node id="2837706097" lat="41.2049295" lon="29.0919497" version="1" timestamp="2014-05-05T13:28:19Z" changeset="22146800" uid="2027085" user="canTurgay"/>
  <node id="2837706098" lat="41.2051958" lon="29.0920195" version="1" timestamp="2014-05-05T13:28:19Z" changeset="22146800" uid="2027085" user="canTurgay"/>
  <node id="2837706099" lat="41.2055510" lon="29.0920731" version="1" timestamp="2014-05-05T13:28:19Z" changeset="22146800" uid="2027085" user="canTurgay"/>
  <node id="2837706100" lat="41.2057649" lon="29.0921804" version="1" timestamp="2014-05-05T13:28:19Z" changeset="22146800" uid="2027085" user="canTurgay"/>
  <node id="2837710601" lat="41.2059990" lon="29.0922984" version="1" timestamp="2014-05-05T13:28:19Z" changeset="22146800" uid="2027085" user="canTurgay"/>
  <node id="2837710602" lat="41.2060918" lon="29.0924272" version="1" timestamp="2014-05-05T13:28:19Z" changeset="22146800" uid="2027085" user="canTurgay"/>
  <node id="2837710603" lat="41.2061039" lon="29.0926471" version="1" timestamp="2014-05-05T13:28:19Z" changeset="22146800" uid="2027085" user="canTurgay"/>
  <node id="2837710604" lat="41.2060434" lon="29.0929153" version="1" timestamp="2014-05-05T13:28:19Z" changeset="22146800" uid="2027085" user="canTurgay"/>
  <node id="2847354554" lat="41.2032424" lon="29.0701997" version="1" timestamp="2014-05-10T00:17:20Z" changeset="22242347" uid="2068628" user="sdafasdfa"/>
  <node id="2847354555" lat="41.2030671" lon="29.0701996" version="1" timestamp="2014-05-10T00:17:20Z" changeset="22242347" uid="2068628" user="sdafasdfa"/>
  <node id="2847354556" lat="41.2030670" lon="29.0706483" version="1" timestamp="2014-05-10T00:17:20Z" changeset="22242347" uid="2068628" user="sdafasdfa"/>
  <node id="2847354557" lat="41.2029984" lon="29.0706482" version="1" timestamp="2014-05-10T00:17:20Z" changeset="22242347" uid="2068628" user="sdafasdfa"/>
  <node id="2847354558" lat="41.2029983" lon="29.0708226" version="1" timestamp="2014-05-10T00:17:20Z" changeset="22242347" uid="2068628" user="sdafasdfa"/>
  <node id="2847354559" lat="41.2030704" lon="29.0708227" version="1" timestamp="2014-05-10T00:17:20Z" changeset="22242347" uid="2068628" user="sdafasdfa"/>
  <node id="2847354560" lat="41.2030704" lon="29.0709029" version="1" timestamp="2014-05-10T00:17:20Z" changeset="22242347" uid="2068628" user="sdafasdfa"/>
  <node id="2847354561" lat="41.2032415" lon="29.0709030" version="1" timestamp="2014-05-10T00:17:20Z" changeset="22242347" uid="2068628" user="sdafasdfa"/>
  <node id="2847354562" lat="41.2032415" lon="29.0708170" version="1" timestamp="2014-05-10T00:17:20Z" changeset="22242347" uid="2068628" user="sdafasdfa"/>
  <node id="2847354563" lat="41.2033144" lon="29.0708171" version="1" timestamp="2014-05-10T00:17:20Z" changeset="22242347" uid="2068628" user="sdafasdfa"/>
  <node id="2847354564" lat="41.2033145" lon="29.0706318" version="1" timestamp="2014-05-10T00:17:20Z" changeset="22242347" uid="2068628" user="sdafasdfa"/>
  <node id="2847354565" lat="41.2032423" lon="29.0706318" version="1" timestamp="2014-05-10T00:17:20Z" changeset="22242347" uid="2068628" user="sdafasdfa"/>
  <node id="2847354566" lat="41.2058238" lon="29.0744085" version="2" timestamp="2021-04-27T13:19:56Z" changeset="103709934" uid="3997418" user="Alikam">
    <tag k="amenity" v="cafe"/>
    <tag k="brand" v="Caffè Nero"/>
    <tag k="brand:wikidata" v="Q675808"/>
    <tag k="brand:wikipedia" v="en:Caffè Nero"/>
    <tag k="cuisine" v="coffee_shop"/>
    <tag k="name" v="Caffè Nero"/>
    <tag k="opening_hours" v="Mo-Fr 08:30-20:00; Sa-Su 09:00-17:00"/>
    <tag k="takeaway" v="yes"/>
  </node>
  <node id="2847354567" lat="41.2055881" lon="29.0727442" version="3" timestamp="2019-10-04T07:44:47Z" changeset="75265803" uid="9237592" user="Burcu Bayasli"/>
  <node id="2847354568" lat="41.2050375" lon="29.0727750" version="3" timestamp="2019-10-04T07:44:47Z" changeset="75265803" uid="9237592" user="Burcu Bayasli"/>
  <node id="2847354569" lat="41.2050450" lon="29.0730129" version="3" timestamp="2019-10-04T07:44:47Z" changeset="75265803" uid="9237592" user="Burcu Bayasli"/>
  <node id="2847354570" lat="41.2055956" lon="29.0729821" version="3" timestamp="2019-10-04T07:44:47Z" changeset="75265803" uid="9237592" user="Burcu Bayasli"/>
  <node id="2847354571" lat="41.2051188" lon="29.0730402" version="2" timestamp="2014-05-10T00:40:16Z" changeset="22242477" uid="2068628" user="sdafasdfa"/>
  <node id="2847354573" lat="41.2046780" lon="29.0735030" version="2" timestamp="2014-05-10T00:40:16Z" changeset="22242477" uid="2068628" user="sdafasdfa"/>
  <node id="2847354574" lat="41.2048748" lon="29.0735312" version="2" timestamp="2014-05-10T00:40:16Z" changeset="22242477" uid="2068628" user="sdafasdfa"/>
  <node id="2847354575" lat="41.2048566" lon="29.0737847" version="2" timestamp="2014-05-10T00:40:16Z" changeset="22242477" uid="2068628" user="sdafasdfa"/>
  <node id="2847354576" lat="41.2050645" lon="29.0738061" version="2" timestamp="2014-05-10T00:40:16Z" changeset="22242477" uid="2068628" user="sdafasdfa"/>
  <node id="2847354577" lat="41.2058364" lon="29.0736618" version="3" timestamp="2021-02-05T09:45:22Z" changeset="98757771" uid="10085618" user="MeteOz"/>
  <node id="2847354578" lat="41.2056544" lon="29.0736743" version="3" timestamp="2021-02-05T09:45:22Z" changeset="98757771" uid="10085618" user="MeteOz"/>
  <node id="2847354579" lat="41.2056719" lon="29.0741278" version="3" timestamp="2021-02-05T09:45:22Z" changeset="98757771" uid="10085618" user="MeteOz"/>
  <node id="2847354580" lat="41.2057968" lon="29.0742865" version="3" timestamp="2021-02-05T09:45:22Z" changeset="98757771" uid="10085618" user="MeteOz"/>
  <node id="2847354581" lat="41.2057608" lon="29.0743367" version="3" timestamp="2021-02-05T09:45:22Z" changeset="98757771" uid="10085618" user="MeteOz"/>
  <node id="2847354582" lat="41.2058583" lon="29.0744607" version="3" timestamp="2021-02-05T09:45:22Z" changeset="98757771" uid="10085618" user="MeteOz"/>
  <node id="2847354583" lat="41.2058770" lon="29.0744347" version="3" timestamp="2021-02-05T09:45:22Z" changeset="98757771" uid="10085618" user="MeteOz"/>
  <node id="2847354584" lat="41.2059328" lon="29.0745057" version="3" timestamp="2021-02-05T09:45:22Z" changeset="98757771" uid="10085618" user="MeteOz"/>
  <node id="2847354585" lat="41.2062600" lon="29.0740513" version="3" timestamp="2021-02-05T09:45:22Z" changeset="98757771" uid="10085618" user="MeteOz"/>
  <node id="2847354586" lat="41.2062324" lon="29.0740161" version="3" timestamp="2021-02-05T09:45:22Z" changeset="98757771" uid="10085618" user="MeteOz"/>
  <node id="2847354587" lat="41.2062931" lon="29.0739318" version="3" timestamp="2021-02-05T09:45:22Z" changeset="98757771" uid="10085618" user="MeteOz"/>
  <node id="2847354588" lat="41.2061904" lon="29.0738011" version="3" timestamp="2021-02-05T09:45:22Z" changeset="98757771" uid="10085618" user="MeteOz"/>
  <node id="2847354589" lat="41.2061373" lon="29.0738748" version="3" timestamp="2021-02-05T09:45:22Z" changeset="98757771" uid="10085618" user="MeteOz"/>
  <node id="2847354590" lat="41.2061105" lon="29.0738406" version="3" timestamp="2021-02-05T09:45:22Z" changeset="98757771" uid="10085618" user="MeteOz"/>
  <node id="2847354591" lat="41.2059064" lon="29.0741237" version="3" timestamp="2021-02-05T09:45:22Z" changeset="98757771" uid="10085618" user="MeteOz"/>
  <node id="2847354592" lat="41.2058515" lon="29.0740538" version="3" timestamp="2021-02-05T09:45:22Z" changeset="98757771" uid="10085618" user="MeteOz"/>
  <node id="2847354593" lat="41.2061499" lon="29.0742270" version="2" timestamp="2019-10-01T08:37:13Z" changeset="75136442" uid="9206516" user="erenozdemir"/>
  <node id="2847354594" lat="41.2063926" lon="29.0745584" version="2" timestamp="2019-10-01T08:37:13Z" changeset="75136442" uid="9206516" user="erenozdemir"/>
  <node id="2847354595" lat="41.2064059" lon="29.0745363" version="2" timestamp="2019-10-01T08:37:13Z" changeset="75136442" uid="9206516" user="erenozdemir"/>
  <node id="2847354596" lat="41.2064956" lon="29.0746622" version="2" timestamp="2019-10-01T08:37:13Z" changeset="75136442" uid="9206516" user="erenozdemir"/>
  <node id="2847354597" lat="41.2065189" lon="29.0746313" version="2" timestamp="2019-10-01T08:37:13Z" changeset="75136442" uid="9206516" user="erenozdemir"/>
  <node id="2847354598" lat="41.2065521" lon="29.0746732" version="2" timestamp="2019-10-01T08:37:13Z" changeset="75136442" uid="9206516" user="erenozdemir"/>
  <node id="2847354599" lat="41.2066485" lon="29.0745363" version="2" timestamp="2019-10-01T08:37:13Z" changeset="75136442" uid="9206516" user="erenozdemir"/>
  <node id="2847354600" lat="41.2066203" lon="29.0744987" version="2" timestamp="2019-10-01T08:37:13Z" changeset="75136442" uid="9206516" user="erenozdemir"/>
  <node id="2847354601" lat="41.2066385" lon="29.0744744" version="2" timestamp="2019-10-01T08:37:13Z" changeset="75136442" uid="9206516" user="erenozdemir"/>
  <node id="2847354602" lat="41.2065555" lon="29.0743529" version="2" timestamp="2019-10-01T08:37:13Z" changeset="75136442" uid="9206516" user="erenozdemir"/>
  <node id="2847354603" lat="41.2065920" lon="29.0742911" version="2" timestamp="2019-10-01T08:37:13Z" changeset="75136442" uid="9206516" user="erenozdemir"/>
  <node id="2847354604" lat="41.2064956" lon="29.0741607" version="2" timestamp="2019-10-01T08:37:13Z" changeset="75136442" uid="9206516" user="erenozdemir"/>
  <node id="2847354605" lat="41.2064657" lon="29.0741939" version="2" timestamp="2019-10-01T08:37:13Z" changeset="75136442" uid="9206516" user="erenozdemir"/>
  <node id="2847354606" lat="41.2063211" lon="29.0740017" version="2" timestamp="2019-10-01T08:37:13Z" changeset="75136442" uid="9206516" user="erenozdemir"/>
  <node id="2847354607" lat="41.2064702" lon="29.0748289" version="2" timestamp="2021-02-05T09:45:22Z" changeset="98757771" uid="10085618" user="MeteOz"/>
  <node id="2847354608" lat="41.2061278" lon="29.0753083" version="2" timestamp="2021-02-05T09:45:22Z" changeset="98757771" uid="10085618" user="MeteOz"/>
  <node id="2847354609" lat="41.2057788" lon="29.0748576" version="2" timestamp="2021-02-05T09:45:22Z" changeset="98757771" uid="10085618" user="MeteOz"/>
  <node id="2847354610" lat="41.2059250" lon="29.0746544" version="2" timestamp="2021-02-05T09:45:22Z" changeset="98757771" uid="10085618" user="MeteOz"/>
  <node id="2847354611" lat="41.2061245" lon="29.0749151" version="2" timestamp="2021-02-05T09:45:22Z" changeset="98757771" uid="10085618" user="MeteOz"/>
  <node id="2847354612" lat="41.2063355" lon="29.0746412" version="2" timestamp="2021-02-05T09:45:22Z" changeset="98757771" uid="10085618" user="MeteOz"/>
  <node id="2847354613" lat="41.2067528" lon="29.0750838" version="2" timestamp="2021-02-05T09:45:22Z" changeset="98757771" uid="10085618" user="MeteOz"/>
  <node id="2847354614" lat="41.2068989" lon="29.0752706" version="2" timestamp="2021-02-05T09:45:22Z" changeset="98757771" uid="10085618" user="MeteOz"/>
  <node id="2847354615" lat="41.2065585" lon="29.0757409" version="2" timestamp="2021-02-05T09:45:22Z" changeset="98757771" uid="10085618" user="MeteOz"/>
  <node id="2847354616" lat="41.2062113" lon="29.0752971" version="2" timestamp="2021-02-05T09:45:22Z" changeset="98757771" uid="10085618" user="MeteOz"/>
  <node id="2847354617" lat="41.2063541" lon="29.0750999" version="2" timestamp="2021-02-05T09:45:22Z" changeset="98757771" uid="10085618" user="MeteOz"/>
  <node id="2847354618" lat="41.2065551" lon="29.0753570" version="2" timestamp="2021-02-05T09:45:22Z" changeset="98757771" uid="10085618" user="MeteOz"/>
  <node id="2847354619" lat="41.2066509" lon="29.0747720" version="2" timestamp="2021-02-05T09:45:22Z" changeset="98757771" uid="10085618" user="MeteOz"/>
  <node id="2847354620" lat="41.2069662" lon="29.0751848" version="2" timestamp="2021-02-05T09:45:22Z" changeset="98757771" uid="10085618" user="MeteOz"/>
  <node id="2847354621" lat="41.2070999" lon="29.0750043" version="2" timestamp="2021-02-05T09:45:22Z" changeset="98757771" uid="10085618" user="MeteOz"/>
  <node id="2847354622" lat="41.2067765" lon="29.0745810" version="2" timestamp="2021-02-05T09:45:22Z" changeset="98757771" uid="10085618" user="MeteOz"/>
  <node id="2847354623" lat="41.2066493" lon="29.0747078" version="2" timestamp="2021-02-05T09:45:22Z" changeset="98757771" uid="10085618" user="MeteOz"/>
  <node id="2847354624" lat="41.2066743" lon="29.0747404" version="2" timestamp="2021-02-05T09:45:22Z" changeset="98757771" uid="10085618" user="MeteOz"/>
  <node id="2847377825" lat="41.2027555" lon="29.0702575" version="1" timestamp="2014-05-10T00:40:14Z" changeset="22242477" uid="2068628" user="sdafasdfa"/>
  <node id="2847377826" lat="41.2026891" lon="29.0702553" version="1" timestamp="2014-05-10T00:40:14Z" changeset="22242477" uid="2068628" user="sdafasdfa"/>
  <node id="2847377827" lat="41.2026841" lon="29.0705624" version="1" timestamp="2014-05-10T00:40:14Z" changeset="22242477" uid="2068628" user="sdafasdfa"/>
  <node id="2847377828" lat="41.2027555" lon="29.0705624" version="1" timestamp="2014-05-10T00:40:14Z" changeset="22242477" uid="2068628" user="sdafasdfa"/>
  <node id="2847377838" lat="41.2071793" lon="29.0753976" version="3" timestamp="2023-01-19T21:42:42Z" changeset="131483845" uid="18329630" user="bhokelek"/>
  <node id="2847377839" lat="41.2072296" lon="29.0758307" version="3" timestamp="2023-01-19T21:42:42Z" changeset="131483845" uid="18329630" user="bhokelek"/>
  <node id="2847377840" lat="41.2069975" lon="29.0758351" version="2" timestamp="2021-02-05T09:45:22Z" changeset="98757771" uid="10085618" user="MeteOz"/>
  <node id="2847377841" lat="41.2067964" lon="29.0755262" version="3" timestamp="2023-01-19T21:42:42Z" changeset="131483845" uid="18329630" user="bhokelek"/>
  <node id="2847377842" lat="41.2066608" lon="29.0757125" version="3" timestamp="2023-01-19T21:42:42Z" changeset="131483845" uid="18329630" user="bhokelek"/>
  <node id="2847377843" lat="41.2069567" lon="29.0760932" version="2" timestamp="2021-02-05T09:45:22Z" changeset="98757771" uid="10085618" user="MeteOz"/>
  <node id="2847377844" lat="41.2072620" lon="29.0760888" version="2" timestamp="2021-02-05T09:45:22Z" changeset="98757771" uid="10085618" user="MeteOz"/>
  <node id="2847377845" lat="41.2072746" lon="29.0761410" version="2" timestamp="2021-02-05T09:45:22Z" changeset="98757771" uid="10085618" user="MeteOz"/>
  <node id="2847377846" lat="41.2074924" lon="29.0761355" version="3" timestamp="2023-01-19T21:42:42Z" changeset="131483845" uid="18329630" user="bhokelek"/>
  <node id="2847377847" lat="41.2074877" lon="29.0758028" version="3" timestamp="2023-01-19T21:42:42Z" changeset="131483845" uid="18329630" user="bhokelek"/>
  <node id="2847377848" lat="41.2074414" lon="29.0758040" version="3" timestamp="2023-01-19T21:42:42Z" changeset="131483845" uid="18329630" user="bhokelek"/>
  <node id="2847377849" lat="41.2094927" lon="29.0776859" version="1" timestamp="2014-05-10T00:40:14Z" changeset="22242477" uid="2068628" user="sdafasdfa"/>
  <node id="2847377850" lat="41.2094828" lon="29.0771226" version="1" timestamp="2014-05-10T00:40:14Z" changeset="22242477" uid="2068628" user="sdafasdfa"/>
  <node id="2847377851" lat="41.2092418" lon="29.0771293" version="1" timestamp="2014-05-10T00:40:14Z" changeset="22242477" uid="2068628" user="sdafasdfa"/>
  <node id="2847377852" lat="41.2092501" lon="29.0776970" version="1" timestamp="2014-05-10T00:40:14Z" changeset="22242477" uid="2068628" user="sdafasdfa"/>
  <node id="2847377853" lat="41.2033084" lon="29.0704392" version="2" timestamp="2014-05-10T00:53:21Z" changeset="22242540" uid="2068628" user="sdafasdfa">
    <tag k="amenity" v="restaurant"/>
    <tag k="name" v="Küçük Evim Ev Yemekleri"/>
  </node>
  <node id="2847377854" lat="41.2054983" lon="29.0730173" version="1" timestamp="2014-05-10T00:40:14Z" changeset="22242477" uid="2068628" user="sdafasdfa"/>
  <node id="2847377855" lat="41.2051643" lon="29.0730350" version="1" timestamp="2014-05-10T00:40:14Z" changeset="22242477" uid="2068628" user="sdafasdfa"/>
  <node id="2847377856" lat="41.2051393" lon="29.0735984" version="2" timestamp="2019-10-01T08:37:13Z" changeset="75136442" uid="9206516" user="erenozdemir"/>
  <node id="2847377857" lat="41.2055012" lon="29.0735834" version="2" timestamp="2019-10-01T08:37:13Z" changeset="75136442" uid="9206516" user="erenozdemir"/>
  <node id="2847377858" lat="41.2055044" lon="29.0742283" version="1" timestamp="2014-05-10T00:40:14Z" changeset="22242477" uid="2068628" user="sdafasdfa"/>
  <node id="2847377859" lat="41.2055522" lon="29.0742365" version="1" timestamp="2014-05-10T00:40:14Z" changeset="22242477" uid="2068628" user="sdafasdfa"/>
  <node id="2847377860" lat="41.2056024" lon="29.0742609" version="1" timestamp="2014-05-10T00:40:14Z" changeset="22242477" uid="2068628" user="sdafasdfa"/>
  <node id="2847377861" lat="41.2056484" lon="29.0742959" version="1" timestamp="2014-05-10T00:40:14Z" changeset="22242477" uid="2068628" user="sdafasdfa"/>
  <node id="2847377862" lat="41.2056906" lon="29.0743708" version="1" timestamp="2014-05-10T00:40:14Z" changeset="22242477" uid="2068628" user="sdafasdfa"/>
  <node id="2847377863" lat="41.2057194" lon="29.0744522" version="1" timestamp="2014-05-10T00:40:14Z" changeset="22242477" uid="2068628" user="sdafasdfa"/>
  <node id="2847377864" lat="41.2057268" lon="29.0745613" version="1" timestamp="2014-05-10T00:40:14Z" changeset="22242477" uid="2068628" user="sdafasdfa"/>
  <node id="2847377865" lat="41.2057078" lon="29.0746436" version="1" timestamp="2014-05-10T00:40:14Z" changeset="22242477" uid="2068628" user="sdafasdfa"/>
  <node id="2847377866" lat="41.2056839" lon="29.0746940" version="1" timestamp="2014-05-10T00:40:14Z" changeset="22242477" uid="2068628" user="sdafasdfa"/>
  <node id="2847377867" lat="41.2055651" lon="29.0745727" version="1" timestamp="2014-05-10T00:40:14Z" changeset="22242477" uid="2068628" user="sdafasdfa"/>
  <node id="2847377868" lat="41.2055295" lon="29.0745939" version="1" timestamp="2014-05-10T00:40:14Z" changeset="22242477" uid="2068628" user="sdafasdfa"/>
  <node id="2847377869" lat="41.2054873" lon="29.0745915" version="1" timestamp="2014-05-10T00:40:14Z" changeset="22242477" uid="2068628" user="sdafasdfa"/>
  <node id="2847377870" lat="41.2054585" lon="29.0745548" version="1" timestamp="2014-05-10T00:40:14Z" changeset="22242477" uid="2068628" user="sdafasdfa"/>
  <node id="2847377871" lat="41.2054517" lon="29.0745035" version="1" timestamp="2014-05-10T00:40:14Z" changeset="22242477" uid="2068628" user="sdafasdfa"/>
  <node id="2847377872" lat="41.2054628" lon="29.0744571" version="1" timestamp="2014-05-10T00:40:14Z" changeset="22242477" uid="2068628" user="sdafasdfa"/>
  <node id="2847377873" lat="41.2054842" lon="29.0744286" version="1" timestamp="2014-05-10T00:40:14Z" changeset="22242477" uid="2068628" user="sdafasdfa"/>
  <node id="2847377874" lat="41.2055142" lon="29.0744172" version="1" timestamp="2014-05-10T00:40:14Z" changeset="22242477" uid="2068628" user="sdafasdfa"/>
  <node id="2847377875" lat="41.2044974" lon="29.0731543" version="1" timestamp="2014-05-10T00:40:14Z" changeset="22242477" uid="2068628" user="sdafasdfa"/>
  <node id="2847377876" lat="41.2045024" lon="29.0729800" version="1" timestamp="2014-05-10T00:40:14Z" changeset="22242477" uid="2068628" user="sdafasdfa"/>
  <node id="2847377877" lat="41.2047032" lon="29.0731718" version="1" timestamp="2014-05-10T00:40:14Z" changeset="22242477" uid="2068628" user="sdafasdfa"/>
  <node id="2847377878" lat="41.2034371" lon="29.0699264" version="1" timestamp="2014-05-10T00:40:14Z" changeset="22242477" uid="2068628" user="sdafasdfa"/>
  <node id="2847377879" lat="41.2031314" lon="29.0699277" version="1" timestamp="2014-05-10T00:40:14Z" changeset="22242477" uid="2068628" user="sdafasdfa"/>
  <node id="2847377880" lat="41.2029528" lon="29.0700216" version="1" timestamp="2014-05-10T00:40:15Z" changeset="22242477" uid="2068628" user="sdafasdfa"/>
  <node id="2847377881" lat="41.2029498" lon="29.0701557" version="1" timestamp="2014-05-10T00:40:15Z" changeset="22242477" uid="2068628" user="sdafasdfa"/>
  <node id="2847377882" lat="41.2034472" lon="29.0701477" version="1" timestamp="2014-05-10T00:40:15Z" changeset="22242477" uid="2068628" user="sdafasdfa"/>
  <node id="2847377883" lat="41.2048180" lon="29.0733666" version="1" timestamp="2014-05-10T00:40:15Z" changeset="22242477" uid="2068628" user="sdafasdfa">
    <tag k="amenity" v="restaurant"/>
    <tag k="name" v="Yemekhane"/>
  </node>
  <node id="2847384007" lat="41.2060310" lon="29.0730636" version="2" timestamp="2021-02-05T09:45:22Z" changeset="98757771" uid="10085618" user="MeteOz"/>
  <node id="2847384011" lat="41.2049819" lon="29.0736738" version="2" timestamp="2023-01-19T21:42:42Z" changeset="131483845" uid="18329630" user="bhokelek">
    <tag k="amenity" v="cafe"/>
    <tag k="brand" v="Caffè Nero"/>
    <tag k="brand:wikidata" v="Q675808"/>
    <tag k="cuisine" v="coffee_shop"/>
    <tag k="name" v="Caffè Nero"/>
    <tag k="takeaway" v="yes"/>
  </node>
  <node id="2847384012" lat="41.2048823" lon="29.0733634" version="1" timestamp="2014-05-10T00:53:20Z" changeset="22242540" uid="2068628" user="sdafasdfa">
    <tag k="amenity" v="cafe"/>
    <tag k="name" v="Mezunlar Derneği"/>
  </node>
  <node id="2847384013" lat="41.2049719" lon="29.0733588" version="2" timestamp="2023-01-19T21:42:42Z" changeset="131483845" uid="18329630" user="bhokelek">
    <tag k="amenity" v="restaurant"/>
    <tag k="name" v="Mio"/>
  </node>
  <node id="2847384015" lat="41.2049624" lon="29.0734297" version="3" timestamp="2025-05-18T09:58:51Z" changeset="166422976" uid="22908729" user="user7795">
    <tag k="amenity" v="restaurant"/>
    <tag k="name" v="DOYUYO!"/>
  </node>
  <node id="2847384016" lat="41.2066539" lon="29.0726002" version="1" timestamp="2014-05-10T00:53:20Z" changeset="22242540" uid="2068628" user="sdafasdfa">
    <tag k="amenity" v="cafe"/>
    <tag k="name" v="Pişti"/>
  </node>
  <node id="2847384017" lat="41.2063093" lon="29.0728739" version="2" timestamp="2025-09-08T14:01:58Z" changeset="171637297" uid="9397174" user="burakonder"/>
  <node id="2847384018" lat="41.2065215" lon="29.0727425" version="1" timestamp="2014-05-10T00:53:20Z" changeset="22242540" uid="2068628" user="sdafasdfa"/>
  <node id="2847384019" lat="41.2067907" lon="29.0726081" version="1" timestamp="2014-05-10T00:53:20Z" changeset="22242540" uid="2068628" user="sdafasdfa"/>
  <node id="2847384020" lat="41.2069975" lon="29.0724420" version="1" timestamp="2014-05-10T00:53:20Z" changeset="22242540" uid="2068628" user="sdafasdfa"/>
  <node id="2847384021" lat="41.2059949" lon="29.0748739" version="1" timestamp="2014-05-10T00:53:20Z" changeset="22242540" uid="2068628" user="sdafasdfa">
    <tag k="amenity" v="cafe"/>
    <tag k="name" v="Planet"/>
  </node>
  <node id="2847384024" lat="41.2050621" lon="29.0733457" version="3" timestamp="2023-01-19T21:42:42Z" changeset="131483845" uid="18329630" user="bhokelek">
    <tag k="amenity" v="restaurant"/>
    <tag k="name" v="Divan Sports Cafe"/>
  </node>
  <node id="2847386601" lat="41.2061504" lon="29.0723042" version="5" timestamp="2025-12-07T17:30:31Z" changeset="175633276" uid="23196460" user="property0029">
    <tag k="bus" v="yes"/>
    <tag k="highway" v="bus_stop"/>
    <tag k="name" v="Koç Üniversitesi Kampüsü"/>
    <tag k="network" v="İETT"/>
    <tag k="network:wikidata" v="Q343136"/>
    <tag k="operator" v="İETT"/>
    <tag k="public_transport" v="platform"/>
    <tag k="public_transport:version" v="2"/>
    <tag k="ref" v="114342"/>
    <tag k="shelter" v="yes"/>
    <tag k="website" v="https://iett.istanbul/StationDetail?dkod=114342"/>
  </node>
  <node id="2847386602" lat="41.2043970" lon="29.0695040" version="5" timestamp="2025-12-07T17:30:31Z" changeset="175633276" uid="23196460" user="property0029">
    <tag k="bus" v="yes"/>
    <tag k="highway" v="bus_stop"/>
    <tag k="name" v="Sağlık Merkezi"/>
    <tag k="network" v="İETT"/>
    <tag k="network:wikidata" v="Q343136"/>
    <tag k="operator" v="İETT"/>
    <tag k="public_transport" v="platform"/>
    <tag k="public_transport:version" v="2"/>
    <tag k="ref" v="114351"/>
    <tag k="shelter" v="yes"/>
    <tag k="website" v="https://iett.istanbul/StationDetail?dkod=114351"/>
  </node>
  <node id="2858239608" lat="41.2056139" lon="29.0721727" version="1" timestamp="2014-05-14T16:08:38Z" changeset="22336574" uid="2075255" user="Tim Tables"/>
  <node id="2858239609" lat="41.2053394" lon="29.0721727" version="1" timestamp="2014-05-14T16:08:38Z" changeset="22336574" uid="2075255" user="Tim Tables"/>
  <node id="2858239610" lat="41.2046493" lon="29.0705338" version="1" timestamp="2014-05-14T16:08:38Z" changeset="22336574" uid="2075255" user="Tim Tables"/>
  <node id="2858239611" lat="41.2046573" lon="29.0717301" version="1" timestamp="2014-05-14T16:08:38Z" changeset="22336574" uid="2075255" user="Tim Tables"/>
  <node id="2858239612" lat="41.2049459" lon="29.0717274" version="1" timestamp="2014-05-14T16:08:38Z" changeset="22336574" uid="2075255" user="Tim Tables"/>
  <node id="2858239613" lat="41.2049520" lon="29.0705311" version="1" timestamp="2014-05-14T16:08:38Z" changeset="22336574" uid="2075255" user="Tim Tables"/>
  <node id="2858239614" lat="41.2051643" lon="29.0705229" version="1" timestamp="2014-05-14T16:08:38Z" changeset="22336574" uid="2075255" user="Tim Tables"/>
  <node id="2858239615" lat="41.2048228" lon="29.0717286" version="1" timestamp="2014-05-14T16:08:38Z" changeset="22336574" uid="2075255" user="Tim Tables"/>
  <node id="2858239616" lat="41.2048228" lon="29.0719956" version="1" timestamp="2014-05-14T16:08:38Z" changeset="22336574" uid="2075255" user="Tim Tables"/>
  <node id="2858239617" lat="41.2050293" lon="29.0719991" version="1" timestamp="2014-05-14T16:08:38Z" changeset="22336574" uid="2075255" user="Tim Tables"/>
  <node id="2858239618" lat="41.2050347" lon="29.0729505" version="1" timestamp="2014-05-14T16:08:38Z" changeset="22336574" uid="2075255" user="Tim Tables"/>
  <node id="2858239619" lat="41.2044075" lon="29.0729272" version="2" timestamp="2017-01-20T12:09:17Z" changeset="45325186" uid="2818856" user="CitymapperHQ"/>
  <node id="2858239620" lat="41.2036826" lon="29.0707538" version="1" timestamp="2014-05-14T16:08:38Z" changeset="22336574" uid="2075255" user="Tim Tables"/>
  <node id="2858239621" lat="41.2044651" lon="29.0707557" version="2" timestamp="2023-05-10T18:59:14Z" changeset="135948912" uid="13819895" user="hmdgms"/>
  <node id="2858239622" lat="41.2044636" lon="29.0705124" version="1" timestamp="2014-05-14T16:08:38Z" changeset="22336574" uid="2075255" user="Tim Tables"/>
  <node id="2858239623" lat="41.2044691" lon="29.0709259" version="2" timestamp="2023-05-10T18:59:14Z" changeset="135948912" uid="13819895" user="hmdgms"/>
  <node id="2858239624" lat="41.2046518" lon="29.0709147" version="1" timestamp="2014-05-14T16:08:38Z" changeset="22336574" uid="2075255" user="Tim Tables"/>
  <node id="2858239625" lat="41.2044596" lon="29.0699116" version="1" timestamp="2014-05-14T16:08:38Z" changeset="22336574" uid="2075255" user="Tim Tables"/>
  <node id="2858239626" lat="41.2036705" lon="29.0699142" version="1" timestamp="2014-05-14T16:08:38Z" changeset="22336574" uid="2075255" user="Tim Tables"/>
  <node id="2858239627" lat="41.2036868" lon="29.0711521" version="2" timestamp="2017-01-20T12:09:17Z" changeset="45325186" uid="2818856" user="CitymapperHQ"/>
  <node id="2858239628" lat="41.2044621" lon="29.0702898" version="1" timestamp="2014-05-14T16:08:38Z" changeset="22336574" uid="2075255" user="Tim Tables"/>
  <node id="2858239629" lat="41.2036761" lon="29.0702978" version="1" timestamp="2014-05-14T16:08:38Z" changeset="22336574" uid="2075255" user="Tim Tables"/>
  <node id="2858239630" lat="41.2041710" lon="29.0699125" version="1" timestamp="2014-05-14T16:08:38Z" changeset="22336574" uid="2075255" user="Tim Tables"/>
  <node id="2858239631" lat="41.2041650" lon="29.0702928" version="1" timestamp="2014-05-14T16:08:38Z" changeset="22336574" uid="2075255" user="Tim Tables"/>
  <node id="2858239632" lat="41.2041641" lon="29.0707672" version="2" timestamp="2023-05-10T18:59:14Z" changeset="135948912" uid="13819895" user="hmdgms"/>
  <node id="2858239633" lat="41.2041690" lon="29.0712205" version="1" timestamp="2014-05-14T16:08:38Z" changeset="22336574" uid="2075255" user="Tim Tables"/>
  <node id="2858239634" lat="41.2044656" lon="29.0712124" version="1" timestamp="2014-05-14T16:08:38Z" changeset="22336574" uid="2075255" user="Tim Tables"/>
  <node id="2858239635" lat="41.2044656" lon="29.0718401" version="1" timestamp="2014-05-14T16:08:38Z" changeset="22336574" uid="2075255" user="Tim Tables"/>
  <node id="2858239636" lat="41.2045282" lon="29.0720010" version="1" timestamp="2014-05-14T16:08:38Z" changeset="22336574" uid="2075255" user="Tim Tables"/>
  <node id="2858239637" lat="41.2041682" lon="29.0710408" version="1" timestamp="2014-05-14T16:08:38Z" changeset="22336574" uid="2075255" user="Tim Tables"/>
  <node id="2858239638" lat="41.2044645" lon="29.0710435" version="1" timestamp="2014-05-14T16:08:38Z" changeset="22336574" uid="2075255" user="Tim Tables"/>
  <node id="2858239639" lat="41.2036780" lon="29.0705466" version="2" timestamp="2023-05-10T18:59:14Z" changeset="135948912" uid="13819895" user="hmdgms"/>
  <node id="2858239640" lat="41.2039720" lon="29.0699131" version="2" timestamp="2023-05-10T18:59:14Z" changeset="135948912" uid="13819895" user="hmdgms"/>
  <node id="2858239641" lat="41.2039846" lon="29.0702933" version="2" timestamp="2023-05-10T18:59:14Z" changeset="135948912" uid="13819895" user="hmdgms"/>
  <node id="2858239642" lat="41.2039866" lon="29.0705380" version="2" timestamp="2023-05-10T18:59:14Z" changeset="135948912" uid="13819895" user="hmdgms"/>
  <node id="2858239643" lat="41.2039900" lon="29.0707775" version="2" timestamp="2023-05-10T18:59:14Z" changeset="135948912" uid="13819895" user="hmdgms"/>
  <node id="2858239644" lat="41.2039891" lon="29.0713672" version="1" timestamp="2014-05-14T16:08:38Z" changeset="22336574" uid="2075255" user="Tim Tables"/>
  <node id="2858239645" lat="41.2036788" lon="29.0704909" version="1" timestamp="2014-05-14T16:08:38Z" changeset="22336574" uid="2075255" user="Tim Tables"/>
  <node id="2858239646" lat="41.2034687" lon="29.0704909" version="1" timestamp="2014-05-14T16:08:38Z" changeset="22336574" uid="2075255" user="Tim Tables"/>
  <node id="2858239647" lat="41.2034728" lon="29.0703219" version="1" timestamp="2014-05-14T16:08:38Z" changeset="22336574" uid="2075255" user="Tim Tables"/>
  <node id="2858239648" lat="41.2034325" lon="29.0701479" version="1" timestamp="2014-05-14T16:08:38Z" changeset="22336574" uid="2075255" user="Tim Tables"/>
  <node id="2858239649" lat="41.2052244" lon="29.0717220" version="1" timestamp="2014-05-14T16:08:38Z" changeset="22336574" uid="2075255" user="Tim Tables"/>
  <node id="2858239650" lat="41.2050314" lon="29.0723685" version="1" timestamp="2014-05-14T16:08:38Z" changeset="22336574" uid="2075255" user="Tim Tables"/>
  <node id="2858239651" lat="41.2050791" lon="29.0723685" version="1" timestamp="2014-05-14T16:08:38Z" changeset="22336574" uid="2075255" user="Tim Tables"/>
  <node id="2858239652" lat="41.2050811" lon="29.0725616" version="1" timestamp="2014-05-14T16:08:38Z" changeset="22336574" uid="2075255" user="Tim Tables"/>
  <node id="2858239653" lat="41.2050325" lon="29.0725616" version="1" timestamp="2014-05-14T16:08:38Z" changeset="22336574" uid="2075255" user="Tim Tables"/>
  <node id="2858239654" lat="41.2050801" lon="29.0724651" version="1" timestamp="2014-05-14T16:08:38Z" changeset="22336574" uid="2075255" user="Tim Tables"/>
  <node id="2858239655" lat="41.2052353" lon="29.0724650" version="2" timestamp="2019-10-04T07:44:47Z" changeset="75265803" uid="9237592" user="Burcu Bayasli"/>
  <node id="2858239656" lat="41.2052453" lon="29.0725238" version="2" timestamp="2019-10-04T07:44:47Z" changeset="75265803" uid="9237592" user="Burcu Bayasli"/>
  <node id="2858239657" lat="41.2052760" lon="29.0725679" version="2" timestamp="2019-10-04T07:44:47Z" changeset="75265803" uid="9237592" user="Burcu Bayasli"/>
  <node id="2858239658" lat="41.2053193" lon="29.0725857" version="2" timestamp="2019-10-04T07:44:47Z" changeset="75265803" uid="9237592" user="Burcu Bayasli"/>
  <node id="2858239659" lat="41.2053256" lon="29.0730265" version="1" timestamp="2014-05-14T16:08:39Z" changeset="22336574" uid="2075255" user="Tim Tables"/>
  <node id="2858239660" lat="41.2044656" lon="29.0713814" version="1" timestamp="2014-05-14T16:08:39Z" changeset="22336574" uid="2075255" user="Tim Tables"/>
  <node id="2858239661" lat="41.2046549" lon="29.0713734" version="1" timestamp="2014-05-14T16:08:39Z" changeset="22336574" uid="2075255" user="Tim Tables"/>
  <node id="2858239662" lat="41.2058782" lon="29.0735809" version="2" timestamp="2019-10-01T08:37:13Z" changeset="75136442" uid="9206516" user="erenozdemir"/>
  <node id="2858239663" lat="41.2062030" lon="29.0735675" version="2" timestamp="2019-10-01T08:37:13Z" changeset="75136442" uid="9206516" user="erenozdemir"/>
  <node id="2858239664" lat="41.2060396" lon="29.0738062" version="2" timestamp="2019-10-01T08:37:13Z" changeset="75136442" uid="9206516" user="erenozdemir"/>
  <node id="2858239665" lat="41.2058882" lon="29.0740234" version="2" timestamp="2019-10-01T08:37:13Z" changeset="75136442" uid="9206516" user="erenozdemir"/>
  <node id="2858239666" lat="41.2055838" lon="29.0735827" version="2" timestamp="2019-10-01T08:37:13Z" changeset="75136442" uid="9206516" user="erenozdemir"/>
  <node id="2858239667" lat="41.2055876" lon="29.0741601" version="2" timestamp="2019-10-01T08:37:13Z" changeset="75136442" uid="9206516" user="erenozdemir"/>
  <node id="2858239668" lat="41.2060941" lon="29.0747958" version="2" timestamp="2019-10-01T08:37:13Z" changeset="75136442" uid="9206516" user="erenozdemir"/>
  <node id="2858239669" lat="41.2063080" lon="29.0745169" version="2" timestamp="2019-10-01T08:37:13Z" changeset="75136442" uid="9206516" user="erenozdemir"/>
  <node id="2858239670" lat="41.2059224" lon="29.0739744" version="2" timestamp="2019-10-01T08:37:13Z" changeset="75136442" uid="9206516" user="erenozdemir"/>
  <node id="2858239671" lat="41.2065018" lon="29.0747878" version="2" timestamp="2019-10-01T08:37:13Z" changeset="75136442" uid="9206516" user="erenozdemir"/>
  <node id="2858239672" lat="41.2053616" lon="29.0739429" version="1" timestamp="2014-05-14T16:08:39Z" changeset="22336574" uid="2075255" user="Tim Tables"/>
  <node id="2858239673" lat="41.2052627" lon="29.0737793" version="1" timestamp="2014-05-14T16:08:39Z" changeset="22336574" uid="2075255" user="Tim Tables"/>
  <node id="2858239674" lat="41.2052670" lon="29.0735963" version="2" timestamp="2019-10-01T08:37:13Z" changeset="75136442" uid="9206516" user="erenozdemir"/>
  <node id="2858239676" lat="41.2068952" lon="29.0745437" version="1" timestamp="2014-05-14T16:08:39Z" changeset="22336574" uid="2075255" user="Tim Tables"/>
  <node id="2858239677" lat="41.2066269" lon="29.0742433" version="1" timestamp="2014-05-14T16:08:39Z" changeset="22336574" uid="2075255" user="Tim Tables"/>
  <node id="2858239678" lat="41.2065381" lon="29.0740690" version="1" timestamp="2014-05-14T16:08:39Z" changeset="22336574" uid="2075255" user="Tim Tables"/>
  <node id="2858239679" lat="41.2064836" lon="29.0738598" version="1" timestamp="2014-05-14T16:08:39Z" changeset="22336574" uid="2075255" user="Tim Tables"/>
  <node id="2858239680" lat="41.2056574" lon="29.0729693" version="2" timestamp="2015-02-27T14:35:13Z" changeset="29136556" uid="2377377" user="abel801"/>
  <node id="2858239681" lat="41.2063147" lon="29.0729397" version="1" timestamp="2014-05-14T16:08:39Z" changeset="22336574" uid="2075255" user="Tim Tables"/>
  <node id="2858239682" lat="41.2056562" lon="29.0729076" version="1" timestamp="2014-05-14T16:08:39Z" changeset="22336574" uid="2075255" user="Tim Tables"/>
  <node id="2858239683" lat="41.2062717" lon="29.0729049" version="1" timestamp="2014-05-14T16:08:39Z" changeset="22336574" uid="2075255" user="Tim Tables"/>
  <node id="2858239684" lat="41.2056607" lon="29.0724734" version="2" timestamp="2017-01-20T12:09:17Z" changeset="45325186" uid="2818856" user="CitymapperHQ"/>
  <node id="2858239685" lat="41.2056583" lon="29.0729880" version="1" timestamp="2014-05-14T16:08:39Z" changeset="22336574" uid="2075255" user="Tim Tables"/>
  <node id="2858239686" lat="41.2058318" lon="29.0724734" version="1" timestamp="2014-05-14T16:08:39Z" changeset="22336574" uid="2075255" user="Tim Tables"/>
  <node id="2858239687" lat="41.2052519" lon="29.0721129" version="1" timestamp="2014-05-14T16:08:39Z" changeset="22336574" uid="2075255" user="Tim Tables"/>
  <node id="2888937758" lat="41.2049245" lon="29.0721185" version="1" timestamp="2014-05-30T11:23:48Z" changeset="22636095" uid="2075255" user="Tim Tables"/>
  <node id="2888937759" lat="41.2044612" lon="29.0721233" version="1" timestamp="2014-05-30T11:23:48Z" changeset="22636095" uid="2075255" user="Tim Tables"/>
  <node id="2888937760" lat="41.2044639" lon="29.0728483" version="1" timestamp="2014-05-30T11:23:48Z" changeset="22636095" uid="2075255" user="Tim Tables"/>
  <node id="2888937761" lat="41.2045063" lon="29.0728987" version="1" timestamp="2014-05-30T11:23:48Z" changeset="22636095" uid="2075255" user="Tim Tables"/>
  <node id="2888937762" lat="41.2049290" lon="29.0729035" version="1" timestamp="2014-05-30T11:23:48Z" changeset="22636095" uid="2075255" user="Tim Tables"/>
  <node id="2888948982" lat="41.2071036" lon="29.0714743" version="1" timestamp="2014-05-30T11:28:17Z" changeset="22636168" uid="2075255" user="Tim Tables"/>
  <node id="2888948983" lat="41.2067505" lon="29.0719905" version="1" timestamp="2014-05-30T11:28:17Z" changeset="22636168" uid="2075255" user="Tim Tables"/>
  <node id="2888948984" lat="41.2065889" lon="29.0720181" version="1" timestamp="2014-05-30T11:28:17Z" changeset="22636168" uid="2075255" user="Tim Tables"/>
  <node id="2888948985" lat="41.2070241" lon="29.0713639" version="1" timestamp="2014-05-30T11:28:17Z" changeset="22636168" uid="2075255" user="Tim Tables"/>
  <node id="2888965895" lat="41.2078046" lon="29.0725824" version="1" timestamp="2014-05-30T11:39:39Z" changeset="22636335" uid="2075255" user="Tim Tables"/>
  <node id="2888965896" lat="41.2078180" lon="29.0723619" version="1" timestamp="2014-05-30T11:39:39Z" changeset="22636335" uid="2075255" user="Tim Tables"/>
  <node id="2888965897" lat="41.2080991" lon="29.0723896" version="1" timestamp="2014-05-30T11:39:39Z" changeset="22636335" uid="2075255" user="Tim Tables"/>
  <node id="2888965898" lat="41.2080984" lon="29.0725873" version="1" timestamp="2014-05-30T11:39:39Z" changeset="22636335" uid="2075255" user="Tim Tables"/>
  <node id="2892288766" lat="41.2054417" lon="29.0725033" version="1" timestamp="2014-05-31T20:30:38Z" changeset="22662715" uid="2075255" user="Tim Tables"/>
  <node id="2892288767" lat="41.2054641" lon="29.0725230" version="1" timestamp="2014-05-31T20:30:38Z" changeset="22662715" uid="2075255" user="Tim Tables"/>
  <node id="2892288768" lat="41.2054998" lon="29.0725388" version="1" timestamp="2014-05-31T20:30:38Z" changeset="22662715" uid="2075255" user="Tim Tables"/>
  <node id="2892288769" lat="41.2055042" lon="29.0726871" version="1" timestamp="2014-05-31T20:30:38Z" changeset="22662715" uid="2075255" user="Tim Tables"/>
  <node id="2892288770" lat="41.2053622" lon="29.0726881" version="1" timestamp="2014-05-31T20:30:38Z" changeset="22662715" uid="2075255" user="Tim Tables"/>
  <node id="2892288771" lat="41.2053577" lon="29.0726179" version="1" timestamp="2014-05-31T20:30:38Z" changeset="22662715" uid="2075255" user="Tim Tables"/>
  <node id="2892288772" lat="41.2053904" lon="29.0726021" version="1" timestamp="2014-05-31T20:30:38Z" changeset="22662715" uid="2075255" user="Tim Tables"/>
  <node id="2892288773" lat="41.2054232" lon="29.0725606" version="1" timestamp="2014-05-31T20:30:38Z" changeset="22662715" uid="2075255" user="Tim Tables"/>
  <node id="2892288774" lat="41.2051502" lon="29.0725201" version="1" timestamp="2014-05-31T20:30:38Z" changeset="22662715" uid="2075255" user="Tim Tables"/>
  <node id="2892288775" lat="41.2051495" lon="29.0726970" version="1" timestamp="2014-05-31T20:30:38Z" changeset="22662715" uid="2075255" user="Tim Tables"/>
  <node id="2892288776" lat="41.2052930" lon="29.0726921" version="1" timestamp="2014-05-31T20:30:38Z" changeset="22662715" uid="2075255" user="Tim Tables"/>
  <node id="2892288777" lat="41.2052915" lon="29.0726219" version="1" timestamp="2014-05-31T20:30:38Z" changeset="22662715" uid="2075255" user="Tim Tables"/>
  <node id="2892288778" lat="41.2052677" lon="29.0726120" version="1" timestamp="2014-05-31T20:30:38Z" changeset="22662715" uid="2075255" user="Tim Tables"/>
  <node id="2892288779" lat="41.2052513" lon="29.0725952" version="1" timestamp="2014-05-31T20:30:38Z" changeset="22662715" uid="2075255" user="Tim Tables"/>
  <node id="2892288780" lat="41.2052335" lon="29.0725655" version="1" timestamp="2014-05-31T20:30:38Z" changeset="22662715" uid="2075255" user="Tim Tables"/>
  <node id="2892288781" lat="41.2052246" lon="29.0725418" version="1" timestamp="2014-05-31T20:30:38Z" changeset="22662715" uid="2075255" user="Tim Tables"/>
  <node id="2892288782" lat="41.2052164" lon="29.0725171" version="1" timestamp="2014-05-31T20:30:38Z" changeset="22662715" uid="2075255" user="Tim Tables"/>
  <node id="2892288783" lat="41.2052313" lon="29.0722680" version="1" timestamp="2014-05-31T20:30:38Z" changeset="22662715" uid="2075255" user="Tim Tables"/>
  <node id="2892288784" lat="41.2051472" lon="29.0722709" version="1" timestamp="2014-05-31T20:30:38Z" changeset="22662715" uid="2075255" user="Tim Tables"/>
  <node id="2892288785" lat="41.2051502" lon="29.0724301" version="1" timestamp="2014-05-31T20:30:38Z" changeset="22662715" uid="2075255" user="Tim Tables"/>
  <node id="2892288786" lat="41.2052127" lon="29.0724301" version="1" timestamp="2014-05-31T20:30:38Z" changeset="22662715" uid="2075255" user="Tim Tables"/>
  <node id="2892288787" lat="41.2052231" lon="29.0723975" version="1" timestamp="2014-05-31T20:30:38Z" changeset="22662715" uid="2075255" user="Tim Tables"/>
  <node id="2892288788" lat="41.2052394" lon="29.0723698" version="1" timestamp="2014-05-31T20:30:38Z" changeset="22662715" uid="2075255" user="Tim Tables"/>
  <node id="2892288789" lat="41.2052573" lon="29.0723500" version="1" timestamp="2014-05-31T20:30:38Z" changeset="22662715" uid="2075255" user="Tim Tables"/>
  <node id="2892288790" lat="41.2052781" lon="29.0723342" version="1" timestamp="2014-05-31T20:30:38Z" changeset="22662715" uid="2075255" user="Tim Tables"/>
  <node id="2892288791" lat="41.2053467" lon="29.0724467" version="1" timestamp="2014-05-31T20:30:38Z" changeset="22662715" uid="2075255" user="Tim Tables"/>
  <node id="2892288792" lat="41.2053394" lon="29.0724403" version="1" timestamp="2014-05-31T20:30:39Z" changeset="22662715" uid="2075255" user="Tim Tables"/>
  <node id="2892288793" lat="41.2053091" lon="29.0725016" version="1" timestamp="2014-05-31T20:30:39Z" changeset="22662715" uid="2075255" user="Tim Tables"/>
  <node id="2892288794" lat="41.2053173" lon="29.0725084" version="1" timestamp="2014-05-31T20:30:39Z" changeset="22662715" uid="2075255" user="Tim Tables"/>
  <node id="2892288795" lat="41.2053309" lon="29.0724372" version="1" timestamp="2014-05-31T20:30:39Z" changeset="22662715" uid="2075255" user="Tim Tables"/>
  <node id="2892288796" lat="41.2053222" lon="29.0724377" version="1" timestamp="2014-05-31T20:30:39Z" changeset="22662715" uid="2075255" user="Tim Tables"/>
  <node id="2892288797" lat="41.2053140" lon="29.0724418" version="1" timestamp="2014-05-31T20:30:39Z" changeset="22662715" uid="2075255" user="Tim Tables"/>
  <node id="2892288798" lat="41.2053072" lon="29.0724491" version="1" timestamp="2014-05-31T20:30:39Z" changeset="22662715" uid="2075255" user="Tim Tables"/>
  <node id="2892288799" lat="41.2053024" lon="29.0724588" version="1" timestamp="2014-05-31T20:30:39Z" changeset="22662715" uid="2075255" user="Tim Tables"/>
  <node id="2892288800" lat="41.2053001" lon="29.0724700" version="1" timestamp="2014-05-31T20:30:39Z" changeset="22662715" uid="2075255" user="Tim Tables"/>
  <node id="2892289201" lat="41.2053005" lon="29.0724816" version="1" timestamp="2014-05-31T20:30:39Z" changeset="22662715" uid="2075255" user="Tim Tables"/>
  <node id="2892289202" lat="41.2053036" lon="29.0724925" version="1" timestamp="2014-05-31T20:30:39Z" changeset="22662715" uid="2075255" user="Tim Tables"/>
  <node id="2892289203" lat="41.2053267" lon="29.0725111" version="1" timestamp="2014-05-31T20:30:39Z" changeset="22662715" uid="2075255" user="Tim Tables"/>
  <node id="2892289204" lat="41.2053363" lon="29.0725093" version="1" timestamp="2014-05-31T20:30:39Z" changeset="22662715" uid="2075255" user="Tim Tables"/>
  <node id="2892289205" lat="41.2053448" lon="29.0725034" version="1" timestamp="2014-05-31T20:30:39Z" changeset="22662715" uid="2075255" user="Tim Tables"/>
  <node id="2892289206" lat="41.2053513" lon="29.0724939" version="1" timestamp="2014-05-31T20:30:39Z" changeset="22662715" uid="2075255" user="Tim Tables"/>
  <node id="2892289207" lat="41.2053550" lon="29.0724820" version="1" timestamp="2014-05-31T20:30:39Z" changeset="22662715" uid="2075255" user="Tim Tables"/>
  <node id="2892289208" lat="41.2053554" lon="29.0724692" version="1" timestamp="2014-05-31T20:30:39Z" changeset="22662715" uid="2075255" user="Tim Tables"/>
  <node id="2892289209" lat="41.2053525" lon="29.0724569" version="1" timestamp="2014-05-31T20:30:39Z" changeset="22662715" uid="2075255" user="Tim Tables"/>
  <node id="4620570489" lat="41.2051319" lon="29.0737616" version="1" timestamp="2017-01-20T12:09:16Z" changeset="45325186" uid="2818856" user="CitymapperHQ"/>
  <node id="4620570490" lat="41.2051037" lon="29.0740030" version="1" timestamp="2017-01-20T12:09:16Z" changeset="45325186" uid="2818856" user="CitymapperHQ"/>
  <node id="4620570491" lat="41.2049362" lon="29.0739976" version="1" timestamp="2017-01-20T12:09:16Z" changeset="45325186" uid="2818856" user="CitymapperHQ"/>
  <node id="4620570492" lat="41.2063629" lon="29.0735551" version="2" timestamp="2019-10-01T08:37:13Z" changeset="75136442" uid="9206516" user="erenozdemir"/>
  <node id="4620570494" lat="41.2052446" lon="29.0724173" version="2" timestamp="2019-10-04T07:44:47Z" changeset="75265803" uid="9237592" user="Burcu Bayasli"/>
  <node id="4620570495" lat="41.2052680" lon="29.0723789" version="2" timestamp="2019-10-04T07:44:47Z" changeset="75265803" uid="9237592" user="Burcu Bayasli"/>
  <node id="4620570496" lat="41.2053013" lon="29.0723570" version="2" timestamp="2019-10-04T07:44:47Z" changeset="75265803" uid="9237592" user="Burcu Bayasli"/>
  <node id="4620570497" lat="41.2053384" lon="29.0723554" version="2" timestamp="2019-10-04T07:44:47Z" changeset="75265803" uid="9237592" user="Burcu Bayasli"/>
  <node id="4620570498" lat="41.2053886" lon="29.0723349" version="2" timestamp="2019-10-04T07:44:47Z" changeset="75265803" uid="9237592" user="Burcu Bayasli"/>
  <node id="4620570499" lat="41.2054235" lon="29.0723775" version="2" timestamp="2019-10-04T07:44:47Z" changeset="75265803" uid="9237592" user="Burcu Bayasli"/>
  <node id="4685788568" lat="41.2065760" lon="29.0741010" version="4" timestamp="2025-12-08T06:09:11Z" changeset="175649708" uid="9397174" user="burakonder">
    <tag k="addr:city" v="İstanbul"/>
    <tag k="addr:postcode" v="34450"/>
    <tag k="addr:province" v="İstanbul"/>
    <tag k="addr:street" v="Rumeli Feneri Yolu"/>
    <tag k="amenity" v="car_sharing"/>
    <tag k="brand" v="Zipcar"/>
    <tag k="brand:wikidata" v="Q1069924"/>
    <tag k="brand:wikipedia" v="en:Zipcar"/>
    <tag k="email" v="info@zipcar.com.tr"/>
    <tag k="name" v="Zipcar"/>
    <tag k="operator" v="Zipcar"/>
    <tag k="operator:type" v="private"/>
    <tag k="operator:wikidata" v="Q1069924"/>
    <tag k="phone" v="+908502500947"/>
    <tag k="website" v="https://www.zipcar.com.tr/"/>
  </node>
  <node id="5304289720" lat="41.2063240" lon="29.0730699" version="2" timestamp="2021-02-05T09:45:22Z" changeset="98757771" uid="10085618" user="MeteOz"/>
  <node id="5304289821" lat="41.2060542" lon="29.0730721" version="2" timestamp="2021-02-05T09:45:22Z" changeset="98757771" uid="10085618" user="MeteOz"/>
  <node id="5304289822" lat="41.2060593" lon="29.0735187" version="2" timestamp="2021-02-05T09:45:22Z" changeset="98757771" uid="10085618" user="MeteOz"/>
  <node id="5304289823" lat="41.2063274" lon="29.0735142" version="2" timestamp="2021-02-05T09:45:22Z" changeset="98757771" uid="10085618" user="MeteOz"/>
  <node id="6641468594" lat="41.2221926" lon="29.0787619" version="1" timestamp="2019-07-23T18:03:40Z" changeset="72570730" uid="5853411" user="j1scad"/>
  <node id="6715078718" lat="41.2075654" lon="29.0762891" version="1" timestamp="2019-08-16T07:45:10Z" changeset="73402776" uid="9620039" user="batuhanc"/>
  <node id="6715078719" lat="41.2077974" lon="29.0762173" version="1" timestamp="2019-08-16T07:45:10Z" changeset="73402776" uid="9620039" user="batuhanc"/>
  <node id="6715078720" lat="41.2077421" lon="29.0762456" version="1" timestamp="2019-08-16T07:45:10Z" changeset="73402776" uid="9620039" user="batuhanc"/>
  <node id="6715078721" lat="41.2079691" lon="29.0761167" version="1" timestamp="2019-08-16T07:45:10Z" changeset="73402776" uid="9620039" user="batuhanc"/>
  <node id="6715078722" lat="41.2074698" lon="29.0746194" version="1" timestamp="2019-08-16T07:45:10Z" changeset="73402776" uid="9620039" user="batuhanc"/>
  <node id="6715078723" lat="41.2084384" lon="29.0759472" version="1" timestamp="2019-08-16T07:45:10Z" changeset="73402776" uid="9620039" user="batuhanc"/>
  <node id="6715078724" lat="41.2089677" lon="29.0760235" version="1" timestamp="2019-08-16T07:45:10Z" changeset="73402776" uid="9620039" user="batuhanc"/>
  <node id="6715078725" lat="41.2092413" lon="29.0760885" version="1" timestamp="2019-08-16T07:45:10Z" changeset="73402776" uid="9620039" user="batuhanc"/>
  <node id="6715078727" lat="41.2095079" lon="29.0762397" version="1" timestamp="2019-08-16T07:45:10Z" changeset="73402776" uid="9620039" user="batuhanc"/>
  <node id="6715078728" lat="41.2095017" lon="29.0764914" version="1" timestamp="2019-08-16T07:45:10Z" changeset="73402776" uid="9620039" user="batuhanc"/>
  <node id="6715078729" lat="41.2094765" lon="29.0765614" version="1" timestamp="2019-08-16T07:45:10Z" changeset="73402776" uid="9620039" user="batuhanc"/>
  <node id="6715078730" lat="41.2094648" lon="29.0765763" version="1" timestamp="2019-08-16T07:45:10Z" changeset="73402776" uid="9620039" user="batuhanc"/>
  <node id="6715078731" lat="41.2093650" lon="29.0765756" version="1" timestamp="2019-08-16T07:45:10Z" changeset="73402776" uid="9620039" user="batuhanc"/>
  <node id="6715078732" lat="41.2091964" lon="29.0765718" version="1" timestamp="2019-08-16T07:45:10Z" changeset="73402776" uid="9620039" user="batuhanc"/>
  <node id="6715078733" lat="41.2088166" lon="29.0763514" version="1" timestamp="2019-08-16T07:45:10Z" changeset="73402776" uid="9620039" user="batuhanc"/>
  <node id="6715078734" lat="41.2087656" lon="29.0762963" version="1" timestamp="2019-08-16T07:45:10Z" changeset="73402776" uid="9620039" user="batuhanc"/>
  <node id="6715078735" lat="41.2087247" lon="29.0762278" version="1" timestamp="2019-08-16T07:45:10Z" changeset="73402776" uid="9620039" user="batuhanc"/>
  <node id="6715078736" lat="41.2086939" lon="29.0761377" version="1" timestamp="2019-08-16T07:45:10Z" changeset="73402776" uid="9620039" user="batuhanc"/>
  <node id="6715078737" lat="41.2086210" lon="29.0760721" version="1" timestamp="2019-08-16T07:45:10Z" changeset="73402776" uid="9620039" user="batuhanc"/>
  <node id="6715078738" lat="41.2084933" lon="29.0759962" version="1" timestamp="2019-08-16T07:45:10Z" changeset="73402776" uid="9620039" user="batuhanc"/>
  <node id="6715078739" lat="41.2093710" lon="29.0749090" version="1" timestamp="2019-08-16T07:45:10Z" changeset="73402776" uid="9620039" user="batuhanc"/>
  <node id="6715078740" lat="41.2093453" lon="29.0751660" version="1" timestamp="2019-08-16T07:45:10Z" changeset="73402776" uid="9620039" user="batuhanc"/>
  <node id="6715078741" lat="41.2089694" lon="29.0750996" version="1" timestamp="2019-08-16T07:45:10Z" changeset="73402776" uid="9620039" user="batuhanc"/>
  <node id="6715078742" lat="41.2089951" lon="29.0748427" version="1" timestamp="2019-08-16T07:45:10Z" changeset="73402776" uid="9620039" user="batuhanc"/>
  <node id="6715078743" lat="41.2094557" lon="29.0752448" version="1" timestamp="2019-08-16T07:45:10Z" changeset="73402776" uid="9620039" user="batuhanc"/>
  <node id="6715078744" lat="41.2093728" lon="29.0760472" version="1" timestamp="2019-08-16T07:45:10Z" changeset="73402776" uid="9620039" user="batuhanc"/>
  <node id="6715078745" lat="41.2084358" lon="29.0758764" version="1" timestamp="2019-08-16T07:45:10Z" changeset="73402776" uid="9620039" user="batuhanc"/>
  <node id="6715078746" lat="41.2085187" lon="29.0750738" version="1" timestamp="2019-08-16T07:45:10Z" changeset="73402776" uid="9620039" user="batuhanc"/>
  <node id="6715078747" lat="41.2066255" lon="29.0721399" version="1" timestamp="2019-08-16T07:45:10Z" changeset="73402776" uid="9620039" user="batuhanc"/>
  <node id="6715078748" lat="41.2065320" lon="29.0720641" version="1" timestamp="2019-08-16T07:45:10Z" changeset="73402776" uid="9620039" user="batuhanc"/>
  <node id="6715078749" lat="41.2062781" lon="29.0721112" version="1" timestamp="2019-08-16T07:45:10Z" changeset="73402776" uid="9620039" user="batuhanc"/>
  <node id="6715078750" lat="41.2060087" lon="29.0721492" version="1" timestamp="2019-08-16T07:45:10Z" changeset="73402776" uid="9620039" user="batuhanc"/>
  <node id="6715078751" lat="41.2058600" lon="29.0721832" version="1" timestamp="2019-08-16T07:45:10Z" changeset="73402776" uid="9620039" user="batuhanc"/>
  <node id="6839840320" lat="41.2061260" lon="29.0742686" version="1" timestamp="2019-10-01T08:37:13Z" changeset="75136442" uid="9206516" user="erenozdemir"/>
  <node id="6839868985" lat="41.1981669" lon="29.0679016" version="1" timestamp="2019-10-01T08:33:14Z" changeset="75136245" uid="9206516" user="erenozdemir"/>
  <node id="6849520882" lat="41.2048229" lon="29.0719751" version="1" timestamp="2019-10-04T07:44:47Z" changeset="75265803" uid="9237592" user="Burcu Bayasli"/>
  <node id="6849520883" lat="41.2048231" lon="29.0717477" version="1" timestamp="2019-10-04T07:44:47Z" changeset="75265803" uid="9237592" user="Burcu Bayasli"/>
  <node id="6849520884" lat="41.2050629" lon="29.0719483" version="1" timestamp="2019-10-04T07:44:47Z" changeset="75265803" uid="9237592" user="Burcu Bayasli"/>
  <node id="6849555985" lat="41.2053558" lon="29.0725771" version="1" timestamp="2019-10-04T07:44:47Z" changeset="75265803" uid="9237592" user="Burcu Bayasli"/>
  <node id="6849555986" lat="41.2053864" lon="29.0725491" version="1" timestamp="2019-10-04T07:44:47Z" changeset="75265803" uid="9237592" user="Burcu Bayasli"/>
  <node id="6849555987" lat="41.2054055" lon="29.0725067" version="1" timestamp="2019-10-04T07:44:47Z" changeset="75265803" uid="9237592" user="Burcu Bayasli"/>
  <node id="6849555988" lat="41.2054095" lon="29.0724576" version="1" timestamp="2019-10-04T07:44:47Z" changeset="75265803" uid="9237592" user="Burcu Bayasli"/>
  <node id="6849555989" lat="41.2053979" lon="29.0724107" version="1" timestamp="2019-10-04T07:44:47Z" changeset="75265803" uid="9237592" user="Burcu Bayasli"/>
  <node id="6849555990" lat="41.2053727" lon="29.0723745" version="1" timestamp="2019-10-04T07:44:47Z" changeset="75265803" uid="9237592" user="Burcu Bayasli"/>
  <node id="6849555991" lat="41.2053258" lon="29.0729972" version="1" timestamp="2019-10-04T07:44:47Z" changeset="75265803" uid="9237592" user="Burcu Bayasli">
    <tag k="covered" v="yes"/>
  </node>
  <node id="6849555992" lat="41.2053203" lon="29.0727592" version="1" timestamp="2019-10-04T07:44:47Z" changeset="75265803" uid="9237592" user="Burcu Bayasli">
    <tag k="covered" v="yes"/>
  </node>
  <node id="8396490795" lat="41.2076452" lon="29.0754591" version="2" timestamp="2023-01-19T21:42:42Z" changeset="131483845" uid="18329630" user="bhokelek"/>
  <node id="8396490796" lat="41.2076424" lon="29.0750516" version="2" timestamp="2023-01-19T21:42:42Z" changeset="131483845" uid="18329630" user="bhokelek"/>
  <node id="8396490797" lat="41.2079436" lon="29.0750479" version="2" timestamp="2023-01-19T21:42:42Z" changeset="131483845" uid="18329630" user="bhokelek"/>
  <node id="8396490798" lat="41.2079434" lon="29.0748351" version="2" timestamp="2023-01-19T21:42:42Z" changeset="131483845" uid="18329630" user="bhokelek"/>
  <node id="8396490799" lat="41.2074733" lon="29.0749100" version="2" timestamp="2023-01-19T21:42:42Z" changeset="131483845" uid="18329630" user="bhokelek"/>
  <node id="8396490800" lat="41.2074770" lon="29.0754611" version="2" timestamp="2023-01-19T21:42:42Z" changeset="131483845" uid="18329630" user="bhokelek"/>
  <node id="8396490801" lat="41.2074511" lon="29.0749103" version="2" timestamp="2023-01-19T21:42:42Z" changeset="131483845" uid="18329630" user="bhokelek"/>
  <node id="8396490802" lat="41.2074509" lon="29.0748627" version="2" timestamp="2023-01-19T21:42:42Z" changeset="131483845" uid="18329630" user="bhokelek"/>
  <node id="8396490803" lat="41.2074769" lon="29.0748624" version="2" timestamp="2023-01-19T21:42:42Z" changeset="131483845" uid="18329630" user="bhokelek"/>
  <node id="8396490804" lat="41.2074767" lon="29.0748273" version="2" timestamp="2023-01-19T21:42:42Z" changeset="131483845" uid="18329630" user="bhokelek"/>
  <node id="8396490805" lat="41.2076536" lon="29.0747798" version="2" timestamp="2023-01-19T21:42:42Z" changeset="131483845" uid="18329630" user="bhokelek"/>
  <node id="8396490806" lat="41.2075475" lon="29.0748268" version="2" timestamp="2023-01-19T21:42:42Z" changeset="131483845" uid="18329630" user="bhokelek"/>
  <node id="8396490807" lat="41.2075473" lon="29.0747805" version="2" timestamp="2023-01-19T21:42:42Z" changeset="131483845" uid="18329630" user="bhokelek"/>
  <node id="8396490808" lat="41.2076538" lon="29.0748284" version="2" timestamp="2023-01-19T21:42:42Z" changeset="131483845" uid="18329630" user="bhokelek"/>
  <node id="8396490809" lat="41.2077727" lon="29.0748278" version="2" timestamp="2023-01-19T21:42:42Z" changeset="131483845" uid="18329630" user="bhokelek"/>
  <node id="8396490810" lat="41.2077726" lon="29.0747859" version="2" timestamp="2023-01-19T21:42:42Z" changeset="131483845" uid="18329630" user="bhokelek"/>
  <node id="8396490811" lat="41.2078662" lon="29.0747855" version="2" timestamp="2023-01-19T21:42:42Z" changeset="131483845" uid="18329630" user="bhokelek"/>
  <node id="8396490812" lat="41.2078663" lon="29.0748353" version="2" timestamp="2023-01-19T21:42:42Z" changeset="131483845" uid="18329630" user="bhokelek"/>
  <node id="8396490813" lat="41.2068603" lon="29.0756084" version="2" timestamp="2023-01-19T21:42:42Z" changeset="131483845" uid="18329630" user="bhokelek"/>
  <node id="8396490814" lat="41.2068414" lon="29.0756343" version="2" timestamp="2023-01-19T21:42:42Z" changeset="131483845" uid="18329630" user="bhokelek"/>
  <node id="8396490815" lat="41.2072267" lon="29.0755539" version="2" timestamp="2023-01-19T21:42:42Z" changeset="131483845" uid="18329630" user="bhokelek"/>
  <node id="8396490816" lat="41.2071810" lon="29.0755548" version="2" timestamp="2023-01-19T21:42:42Z" changeset="131483845" uid="18329630" user="bhokelek"/>
  <node id="8396505962" lat="41.2077424" lon="29.0725013" version="1" timestamp="2021-02-05T09:45:22Z" changeset="98757771" uid="10085618" user="MeteOz"/>
  <node id="8396505963" lat="41.2077409" lon="29.0726259" version="1" timestamp="2021-02-05T09:45:22Z" changeset="98757771" uid="10085618" user="MeteOz"/>
  <node id="8396505964" lat="41.2077233" lon="29.0722179" version="1" timestamp="2021-02-05T09:45:22Z" changeset="98757771" uid="10085618" user="MeteOz"/>
  <node id="8396505965" lat="41.2077374" lon="29.0723565" version="1" timestamp="2021-02-05T09:45:22Z" changeset="98757771" uid="10085618" user="MeteOz"/>
  <node id="8396505966" lat="41.2077350" lon="29.0727600" version="1" timestamp="2021-02-05T09:45:22Z" changeset="98757771" uid="10085618" user="MeteOz"/>
  <node id="8396505967" lat="41.2067274" lon="29.0746025" version="1" timestamp="2021-02-05T09:45:22Z" changeset="98757771" uid="10085618" user="MeteOz"/>
  <node id="8396505968" lat="41.2067442" lon="29.0746245" version="1" timestamp="2021-02-05T09:45:22Z" changeset="98757771" uid="10085618" user="MeteOz"/>
  <node id="10568782449" lat="41.2050644" lon="29.0732709" version="3" timestamp="2025-06-12T07:03:17Z" changeset="167519566" uid="16166643" user="EmrahArıcılar">
    <tag k="amenity" v="cafe"/>
    <tag k="name" v="Küçük Ev"/>
  </node>
  <node id="10568782450" lat="41.2079436" lon="29.0749563" version="1" timestamp="2023-01-19T21:42:42Z" changeset="131483845" uid="18329630" user="bhokelek"/>
  <node id="10568782451" lat="41.2080104" lon="29.0749561" version="1" timestamp="2023-01-19T21:42:42Z" changeset="131483845" uid="18329630" user="bhokelek"/>
  <node id="10568782452" lat="41.2080103" lon="29.0748960" version="1" timestamp="2023-01-19T21:42:42Z" changeset="131483845" uid="18329630" user="bhokelek"/>
  <node id="10568782453" lat="41.2081524" lon="29.0748956" version="1" timestamp="2023-01-19T21:42:42Z" changeset="131483845" uid="18329630" user="bhokelek"/>
  <node id="10568782454" lat="41.2081525" lon="29.0749557" version="1" timestamp="2023-01-19T21:42:42Z" changeset="131483845" uid="18329630" user="bhokelek"/>
  <node id="10568782455" lat="41.2082793" lon="29.0749554" version="1" timestamp="2023-01-19T21:42:42Z" changeset="131483845" uid="18329630" user="bhokelek"/>
  <node id="10568782456" lat="41.2082841" lon="29.0749389" version="1" timestamp="2023-01-19T21:42:42Z" changeset="131483845" uid="18329630" user="bhokelek"/>
  <node id="10568782457" lat="41.2083282" lon="29.0749376" version="1" timestamp="2023-01-19T21:42:42Z" changeset="131483845" uid="18329630" user="bhokelek"/>
  <node id="10568782458" lat="41.2083285" lon="29.0749566" version="1" timestamp="2023-01-19T21:42:42Z" changeset="131483845" uid="18329630" user="bhokelek"/>
  <node id="10568782459" lat="41.2083642" lon="29.0749556" version="1" timestamp="2023-01-19T21:42:42Z" changeset="131483845" uid="18329630" user="bhokelek"/>
  <node id="10568782460" lat="41.2083652" lon="29.0750111" version="1" timestamp="2023-01-19T21:42:42Z" changeset="131483845" uid="18329630" user="bhokelek"/>
  <node id="10568782461" lat="41.2083772" lon="29.0750107" version="1" timestamp="2023-01-19T21:42:42Z" changeset="131483845" uid="18329630" user="bhokelek"/>
  <node id="10568782462" lat="41.2083780" lon="29.0750608" version="1" timestamp="2023-01-19T21:42:42Z" changeset="131483845" uid="18329630" user="bhokelek"/>
  <node id="10568782463" lat="41.2083574" lon="29.0750614" version="1" timestamp="2023-01-19T21:42:42Z" changeset="131483845" uid="18329630" user="bhokelek"/>
  <node id="10568782464" lat="41.2083590" lon="29.0751568" version="1" timestamp="2023-01-19T21:42:42Z" changeset="131483845" uid="18329630" user="bhokelek"/>
  <node id="10568782465" lat="41.2083961" lon="29.0751558" version="1" timestamp="2023-01-19T21:42:42Z" changeset="131483845" uid="18329630" user="bhokelek"/>
  <node id="10568782466" lat="41.2083985" lon="29.0753050" version="1" timestamp="2023-01-19T21:42:42Z" changeset="131483845" uid="18329630" user="bhokelek"/>
  <node id="10568782467" lat="41.2083616" lon="29.0753061" version="1" timestamp="2023-01-19T21:42:42Z" changeset="131483845" uid="18329630" user="bhokelek"/>
  <node id="10568782468" lat="41.2083635" lon="29.0754262" version="1" timestamp="2023-01-19T21:42:42Z" changeset="131483845" uid="18329630" user="bhokelek"/>
  <node id="10568782469" lat="41.2083993" lon="29.0754252" version="1" timestamp="2023-01-19T21:42:42Z" changeset="131483845" uid="18329630" user="bhokelek"/>
  <node id="10568782470" lat="41.2084019" lon="29.0755871" version="1" timestamp="2023-01-19T21:42:42Z" changeset="131483845" uid="18329630" user="bhokelek"/>
  <node id="10568782471" lat="41.2083655" lon="29.0755881" version="1" timestamp="2023-01-19T21:42:42Z" changeset="131483845" uid="18329630" user="bhokelek"/>
  <node id="10568782472" lat="41.2083669" lon="29.0756740" version="1" timestamp="2023-01-19T21:42:42Z" changeset="131483845" uid="18329630" user="bhokelek"/>
  <node id="10568782473" lat="41.2083802" lon="29.0756737" version="1" timestamp="2023-01-19T21:42:42Z" changeset="131483845" uid="18329630" user="bhokelek"/>
  <node id="10568782474" lat="41.2083809" lon="29.0757236" version="1" timestamp="2023-01-19T21:42:42Z" changeset="131483845" uid="18329630" user="bhokelek"/>
  <node id="10568782475" lat="41.2083657" lon="29.0757240" version="1" timestamp="2023-01-19T21:42:42Z" changeset="131483845" uid="18329630" user="bhokelek"/>
  <node id="10568782476" lat="41.2083664" lon="29.0757702" version="1" timestamp="2023-01-19T21:42:42Z" changeset="131483845" uid="18329630" user="bhokelek"/>
  <node id="10568782477" lat="41.2081082" lon="29.0757766" version="1" timestamp="2023-01-19T21:42:42Z" changeset="131483845" uid="18329630" user="bhokelek"/>
  <node id="10568782478" lat="41.2081084" lon="29.0757968" version="1" timestamp="2023-01-19T21:42:42Z" changeset="131483845" uid="18329630" user="bhokelek"/>
  <node id="10568782479" lat="41.2079473" lon="29.0759171" version="1" timestamp="2023-01-19T21:42:42Z" changeset="131483845" uid="18329630" user="bhokelek"/>
  <node id="10568782480" lat="41.2080294" lon="29.0756547" version="1" timestamp="2023-01-19T21:42:42Z" changeset="131483845" uid="18329630" user="bhokelek"/>
  <node id="10568782481" lat="41.2080100" lon="29.0756550" version="1" timestamp="2023-01-19T21:42:42Z" changeset="131483845" uid="18329630" user="bhokelek"/>
  <node id="10568782482" lat="41.2080094" lon="29.0755944" version="1" timestamp="2023-01-19T21:42:42Z" changeset="131483845" uid="18329630" user="bhokelek"/>
  <node id="10568782483" lat="41.2080386" lon="29.0755939" version="1" timestamp="2023-01-19T21:42:42Z" changeset="131483845" uid="18329630" user="bhokelek"/>
  <node id="10568782484" lat="41.2080382" lon="29.0755410" version="1" timestamp="2023-01-19T21:42:42Z" changeset="131483845" uid="18329630" user="bhokelek"/>
  <node id="10568782485" lat="41.2081803" lon="29.0755390" version="1" timestamp="2023-01-19T21:42:42Z" changeset="131483845" uid="18329630" user="bhokelek"/>
  <node id="10568782486" lat="41.2081775" lon="29.0751933" version="1" timestamp="2023-01-19T21:42:42Z" changeset="131483845" uid="18329630" user="bhokelek"/>
  <node id="10568782487" lat="41.2080240" lon="29.0751955" version="1" timestamp="2023-01-19T21:42:42Z" changeset="131483845" uid="18329630" user="bhokelek"/>
  <node id="10568782488" lat="41.2080223" lon="29.0749694" version="1" timestamp="2023-01-19T21:42:42Z" changeset="131483845" uid="18329630" user="bhokelek"/>
  <node id="10568782489" lat="41.2079430" lon="29.0749705" version="1" timestamp="2023-01-19T21:42:42Z" changeset="131483845" uid="18329630" user="bhokelek"/>
  <node id="10568782490" lat="41.2079459" lon="29.0758065" version="1" timestamp="2023-01-19T21:42:42Z" changeset="131483845" uid="18329630" user="bhokelek"/>
  <node id="10568782491" lat="41.2080328" lon="29.0759153" version="1" timestamp="2023-01-19T21:42:42Z" changeset="131483845" uid="18329630" user="bhokelek"/>
  <node id="10568782492" lat="41.2080314" lon="29.0757986" version="1" timestamp="2023-01-19T21:42:42Z" changeset="131483845" uid="18329630" user="bhokelek"/>
  <node id="10568782493" lat="41.2080311" lon="29.0758047" version="1" timestamp="2023-01-19T21:42:42Z" changeset="131483845" uid="18329630" user="bhokelek"/>
  <node id="10568782494" lat="41.2074304" lon="29.0750140" version="1" timestamp="2023-01-19T21:42:42Z" changeset="131483845" uid="18329630" user="bhokelek"/>
  <node id="10568782495" lat="41.2073708" lon="29.0750154" version="1" timestamp="2023-01-19T21:42:42Z" changeset="131483845" uid="18329630" user="bhokelek"/>
  <node id="10568782496" lat="41.2073704" lon="29.0749857" version="1" timestamp="2023-01-19T21:42:42Z" changeset="131483845" uid="18329630" user="bhokelek"/>
  <node id="10568782497" lat="41.2072278" lon="29.0749888" version="1" timestamp="2023-01-19T21:42:42Z" changeset="131483845" uid="18329630" user="bhokelek"/>
  <node id="10568782498" lat="41.2072285" lon="29.0750407" version="1" timestamp="2023-01-19T21:42:42Z" changeset="131483845" uid="18329630" user="bhokelek"/>
  <node id="10568782499" lat="41.2070962" lon="29.0750435" version="1" timestamp="2023-01-19T21:42:42Z" changeset="131483845" uid="18329630" user="bhokelek"/>
  <node id="10568782500" lat="41.2070968" lon="29.0750976" version="1" timestamp="2023-01-19T21:42:42Z" changeset="131483845" uid="18329630" user="bhokelek"/>
  <node id="10568782501" lat="41.2070522" lon="29.0750985" version="1" timestamp="2023-01-19T21:42:42Z" changeset="131483845" uid="18329630" user="bhokelek"/>
  <node id="10568782502" lat="41.2070529" lon="29.0751669" version="1" timestamp="2023-01-19T21:42:42Z" changeset="131483845" uid="18329630" user="bhokelek"/>
  <node id="10568782503" lat="41.2070272" lon="29.0751674" version="1" timestamp="2023-01-19T21:42:42Z" changeset="131483845" uid="18329630" user="bhokelek"/>
  <node id="10568782504" lat="41.2070287" lon="29.0753093" version="1" timestamp="2023-01-19T21:42:42Z" changeset="131483845" uid="18329630" user="bhokelek"/>
  <node id="10568782505" lat="41.2070727" lon="29.0753084" version="1" timestamp="2023-01-19T21:42:42Z" changeset="131483845" uid="18329630" user="bhokelek"/>
  <node id="10568782506" lat="41.2070728" lon="29.0753267" version="1" timestamp="2023-01-19T21:42:42Z" changeset="131483845" uid="18329630" user="bhokelek"/>
  <node id="10568782507" lat="41.2071177" lon="29.0753259" version="1" timestamp="2023-01-19T21:42:42Z" changeset="131483845" uid="18329630" user="bhokelek"/>
  <node id="10568782508" lat="41.2071175" lon="29.0753135" version="1" timestamp="2023-01-19T21:42:42Z" changeset="131483845" uid="18329630" user="bhokelek"/>
  <node id="10568788209" lat="41.2072135" lon="29.0753117" version="1" timestamp="2023-01-19T21:42:42Z" changeset="131483845" uid="18329630" user="bhokelek"/>
  <node id="10568788210" lat="41.2072144" lon="29.0753969" version="1" timestamp="2023-01-19T21:42:42Z" changeset="131483845" uid="18329630" user="bhokelek"/>
  <node id="10568788211" lat="41.2077830" lon="29.0750207" version="1" timestamp="2023-01-19T21:42:42Z" changeset="131483845" uid="18329630" user="bhokelek">
    <tag k="amenity" v="cafe"/>
    <tag k="brand" v="Caffè Nero"/>
    <tag k="brand:wikidata" v="Q675808"/>
    <tag k="cuisine" v="coffee_shop"/>
    <tag k="name" v="Caffè Nero"/>
    <tag k="takeaway" v="yes"/>
  </node>
  <node id="10568788212" lat="41.2080817" lon="29.0754166" version="2" timestamp="2026-03-23T19:50:48Z" changeset="180323108" uid="3997418" user="Alikam">
    <tag k="amenity" v="cafe"/>
    <tag k="brand" v="Espressolab"/>
    <tag k="brand:wikidata" v="Q97599059"/>
    <tag k="cuisine" v="coffee_shop"/>
    <tag k="name" v="Espressolab"/>
    <tag k="takeaway" v="yes"/>
  </node>
  <node id="10884432189" lat="41.2041645" lon="29.0705285" version="1" timestamp="2023-05-10T18:59:14Z" changeset="135948912" uid="13819895" user="hmdgms"/>
  <node id="11251027507" lat="41.2051707" lon="29.0774900" version="1" timestamp="2023-10-09T13:34:43Z" changeset="142350606" uid="15834339" user="yitimox"/>
  <node id="11251027508" lat="41.2061304" lon="29.0781308" version="1" timestamp="2023-10-09T13:34:43Z" changeset="142350606" uid="15834339" user="yitimox"/>
  <node id="11251027509" lat="41.2065615" lon="29.0783588" version="1" timestamp="2023-10-09T13:34:43Z" changeset="142350606" uid="15834339" user="yitimox"/>
  <node id="11251027510" lat="41.2073327" lon="29.0786635" version="1" timestamp="2023-10-09T13:34:43Z" changeset="142350606" uid="15834339" user="yitimox"/>
  <node id="11251027511" lat="41.2077684" lon="29.0791025" version="1" timestamp="2023-10-09T13:34:43Z" changeset="142350606" uid="15834339" user="yitimox"/>
  <node id="11251027512" lat="41.2082321" lon="29.0795321" version="1" timestamp="2023-10-09T13:34:43Z" changeset="142350606" uid="15834339" user="yitimox"/>
  <node id="11251027513" lat="41.2093423" lon="29.0800458" version="1" timestamp="2023-10-09T13:34:43Z" changeset="142350606" uid="15834339" user="yitimox"/>
  <node id="11251045955" lat="41.2094811" lon="29.0800901" version="1" timestamp="2023-10-09T13:34:43Z" changeset="142350606" uid="15834339" user="yitimox"/>
  <node id="13159520135" lat="41.2042878" lon="29.0696141" version="3" timestamp="2025-12-07T17:30:31Z" changeset="175633276" uid="23196460" user="property0029">
    <tag k="bus" v="yes"/>
    <tag k="highway" v="bus_stop"/>
    <tag k="name" v="Sağlık Merkezi"/>
    <tag k="network" v="İETT"/>
    <tag k="network:wikidata" v="Q343136"/>
    <tag k="operator" v="İETT"/>
    <tag k="public_transport" v="platform"/>
    <tag k="public_transport:version" v="2"/>
    <tag k="ref" v="114352"/>
    <tag k="shelter" v="yes"/>
    <tag k="website" v="https://iett.istanbul/StationDetail?dkod=114352"/>
  </node>
  <node id="13725097864" lat="41.2071636" lon="29.0762541" version="1" timestamp="2026-04-12T11:42:47Z" changeset="181225733" uid="24035402" user="whieagle"/>
  <way id="31616323" version="11" timestamp="2023-05-27T17:19:18Z" changeset="136632750" uid="185406" user="hanstest">
    <nd ref="2500313510"/>
    <nd ref="353737043"/>
    <nd ref="6839868985"/>
    <nd ref="353737044"/>
    <nd ref="2803213843"/>
    <nd ref="353737045"/>
    <nd ref="2803213841"/>
    <nd ref="2803213842"/>
    <nd ref="353737046"/>
    <nd ref="2803213840"/>
    <nd ref="353737047"/>
    <nd ref="2803213839"/>
    <nd ref="2803213838"/>
    <nd ref="353737048"/>
    <nd ref="2803213837"/>
    <nd ref="353737049"/>
    <nd ref="2803213836"/>
    <nd ref="353737050"/>
    <nd ref="353737051"/>
    <nd ref="353737054"/>
    <nd ref="2659099013"/>
    <nd ref="353737055"/>
    <nd ref="353737057"/>
    <nd ref="2858239614"/>
    <nd ref="353737058"/>
    <nd ref="353737059"/>
    <nd ref="2858239649"/>
    <nd ref="2858239687"/>
    <tag k="highway" v="service"/>
    <tag k="oneway" v="no"/>
    <tag k="source" v="Yahoo"/>
  </way>
  <way id="31616328" version="7" timestamp="2025-09-08T14:01:58Z" changeset="171637297" uid="9397174" user="burakonder">
    <nd ref="353737067"/>
    <nd ref="353737177"/>
    <nd ref="2847384017"/>
    <nd ref="2858239681"/>
    <nd ref="353737178"/>
    <nd ref="2793862653"/>
    <nd ref="353737179"/>
    <nd ref="2793862652"/>
    <nd ref="353737180"/>
    <nd ref="353737181"/>
    <nd ref="353737182"/>
    <nd ref="353737184"/>
    <nd ref="2793862552"/>
    <nd ref="2793862651"/>
    <nd ref="353737185"/>
    <nd ref="2793862634"/>
    <nd ref="353737186"/>
    <nd ref="353737187"/>
    <nd ref="2793862553"/>
    <nd ref="2792230196"/>
    <nd ref="6715078723"/>
    <nd ref="6715078724"/>
    <nd ref="6715078725"/>
    <nd ref="2792230194"/>
    <nd ref="353737189"/>
    <tag k="highway" v="service"/>
    <tag k="source" v="Yahoo"/>
  </way>
  <way id="31616331" version="4" timestamp="2023-10-27T09:12:27Z" changeset="143201222" uid="15204658" user="Ra_colate">
    <nd ref="6715078723"/>
    <nd ref="6715078738"/>
    <nd ref="6715078737"/>
    <nd ref="6715078736"/>
    <nd ref="6715078735"/>
    <nd ref="6715078734"/>
    <nd ref="6715078733"/>
    <nd ref="6715078732"/>
    <nd ref="6715078731"/>
    <nd ref="6715078730"/>
    <nd ref="6715078729"/>
    <nd ref="6715078728"/>
    <nd ref="6715078727"/>
    <nd ref="353737189"/>
    <nd ref="353737270"/>
    <nd ref="2793862556"/>
    <nd ref="2793862555"/>
    <nd ref="2793862560"/>
    <nd ref="2793862554"/>
    <tag k="highway" v="service"/>
    <tag k="source" v="Yahoo"/>
  </way>
  <way id="31616342" version="10" timestamp="2026-04-12T11:42:47Z" changeset="181225733" uid="24035402" user="whieagle">
    <nd ref="353737050"/>
    <nd ref="2793862533"/>
    <nd ref="353737641"/>
    <nd ref="2793862536"/>
    <nd ref="353737640"/>
    <nd ref="2803213818"/>
    <nd ref="2793862534"/>
    <nd ref="2803213835"/>
    <nd ref="353737638"/>
    <nd ref="2793862535"/>
    <nd ref="353737637"/>
    <nd ref="2803213828"/>
    <nd ref="2803213827"/>
    <nd ref="353737636"/>
    <nd ref="353737634"/>
    <nd ref="2858239627"/>
    <nd ref="353737633"/>
    <nd ref="2858239644"/>
    <nd ref="353737632"/>
    <nd ref="2793862538"/>
    <nd ref="353737631"/>
    <nd ref="353737630"/>
    <nd ref="2858239619"/>
    <nd ref="353737629"/>
    <nd ref="353737628"/>
    <nd ref="2793862540"/>
    <nd ref="353737627"/>
    <nd ref="2793862541"/>
    <nd ref="353737626"/>
    <nd ref="353737624"/>
    <nd ref="353737623"/>
    <nd ref="353737622"/>
    <nd ref="2793862543"/>
    <nd ref="353737621"/>
    <nd ref="353737620"/>
    <nd ref="2793862546"/>
    <nd ref="13725097864"/>
    <nd ref="353737619"/>
    <nd ref="2793862550"/>
    <nd ref="6715078718"/>
    <nd ref="6715078720"/>
    <nd ref="6715078719"/>
    <tag k="highway" v="service"/>
    <tag k="oneway" v="yes"/>
    <tag k="source" v="Yahoo"/>
  </way>
  <way id="31616349" version="5" timestamp="2024-11-27T13:37:45Z" changeset="159660035" uid="22227455" user="kemall_8">
    <nd ref="353737859"/>
    <nd ref="353737860"/>
    <nd ref="353737861"/>
    <nd ref="353737862"/>
    <nd ref="353737863"/>
    <nd ref="353737865"/>
    <nd ref="353737866"/>
    <nd ref="353737867"/>
    <nd ref="353737868"/>
    <nd ref="353737869"/>
    <nd ref="8396505966"/>
    <nd ref="8396505963"/>
    <nd ref="8396505962"/>
    <nd ref="8396505965"/>
    <nd ref="8396505964"/>
    <nd ref="353737859"/>
    <tag k="building" v="school"/>
    <tag k="leisure" v="sports_centre"/>
    <tag k="name" v="Semahat Arsel Spor Salonu"/>
    <tag k="name:en" v="Semahat Arsel Gymnasium"/>
    <tag k="sport" v="basketball;volleyball;dancing;fitness;card"/>
  </way>
  <way id="31616350" version="5" timestamp="2019-08-16T07:45:10Z" changeset="73402776" uid="9620039" user="batuhanc">
    <nd ref="353737067"/>
    <nd ref="2793862654"/>
    <nd ref="6715078747"/>
    <tag k="highway" v="service"/>
    <tag k="source" v="Yahoo"/>
  </way>
  <way id="31616383" version="5" timestamp="2019-08-16T07:45:10Z" changeset="73402776" uid="9620039" user="batuhanc">
    <nd ref="353737180"/>
    <nd ref="2793862627"/>
    <nd ref="353738372"/>
    <nd ref="2793862628"/>
    <nd ref="2793862629"/>
    <nd ref="353738373"/>
    <nd ref="2793862631"/>
    <nd ref="2793862630"/>
    <nd ref="353738374"/>
    <nd ref="2793862633"/>
    <nd ref="2793862632"/>
    <nd ref="2793862641"/>
    <nd ref="6715078722"/>
    <nd ref="353737182"/>
    <nd ref="353737181"/>
    <nd ref="353737180"/>
    <tag k="amenity" v="parking"/>
    <tag k="wheelchair" v="yes"/>
  </way>
  <way id="228778876" version="7" timestamp="2019-07-23T18:03:40Z" changeset="72570730" uid="5853411" user="j1scad">
    <nd ref="2374535499"/>
    <nd ref="2813094157"/>
    <nd ref="2813094155"/>
    <nd ref="2813094156"/>
    <nd ref="2793862661"/>
    <nd ref="2793862662"/>
    <nd ref="2374535718"/>
    <nd ref="2374536013"/>
    <nd ref="2793862663"/>
    <nd ref="2374535653"/>
    <nd ref="2793862664"/>
    <nd ref="2813094174"/>
    <nd ref="2374535650"/>
    <nd ref="2793862665"/>
    <nd ref="2793862666"/>
    <nd ref="2374535803"/>
    <nd ref="2793862668"/>
    <nd ref="2793862667"/>
    <nd ref="6641468594"/>
    <tag k="highway" v="track"/>
  </way>
  <way id="242560754" version="3" timestamp="2014-05-05T13:28:20Z" changeset="22146800" uid="2027085" user="canTurgay">
    <nd ref="353740311"/>
    <nd ref="353740312"/>
    <nd ref="353740313"/>
    <nd ref="353740314"/>
    <nd ref="353740315"/>
    <nd ref="2803229158"/>
    <nd ref="353740316"/>
    <nd ref="2803229159"/>
    <nd ref="353740317"/>
    <nd ref="353740318"/>
    <nd ref="2803229160"/>
    <nd ref="353740319"/>
    <nd ref="353740320"/>
    <nd ref="353740322"/>
    <nd ref="2803229161"/>
    <nd ref="353740323"/>
    <nd ref="353740324"/>
    <nd ref="2803229162"/>
    <nd ref="353740325"/>
    <nd ref="353740326"/>
    <nd ref="353740327"/>
    <nd ref="353740328"/>
    <nd ref="353740329"/>
    <nd ref="2803229165"/>
    <nd ref="353740330"/>
    <nd ref="2803229164"/>
    <nd ref="353740331"/>
    <nd ref="2803229163"/>
    <nd ref="353740332"/>
    <nd ref="353740334"/>
    <nd ref="353740335"/>
    <nd ref="2803229167"/>
    <nd ref="2803229166"/>
    <nd ref="2803229168"/>
    <nd ref="353740336"/>
    <nd ref="353740337"/>
    <nd ref="353740338"/>
    <nd ref="2803229171"/>
    <nd ref="2803229170"/>
    <nd ref="353740340"/>
    <nd ref="2803229169"/>
    <nd ref="353740341"/>
    <nd ref="353740342"/>
    <nd ref="2803229172"/>
    <nd ref="353740343"/>
    <nd ref="353740344"/>
    <nd ref="353740345"/>
    <nd ref="2837706080"/>
    <nd ref="2803229174"/>
    <nd ref="2803229173"/>
    <nd ref="353740346"/>
    <nd ref="353740348"/>
    <nd ref="353740349"/>
    <nd ref="353740350"/>
    <nd ref="353740351"/>
    <nd ref="353740352"/>
    <nd ref="353740353"/>
    <nd ref="353737272"/>
    <nd ref="353740354"/>
    <nd ref="353740355"/>
    <nd ref="353740356"/>
    <nd ref="353740357"/>
    <nd ref="2803229175"/>
    <nd ref="353740358"/>
    <nd ref="2803229176"/>
    <nd ref="353740359"/>
    <nd ref="353740360"/>
    <nd ref="353740361"/>
    <nd ref="2803229178"/>
    <nd ref="2803229177"/>
    <nd ref="353740362"/>
    <nd ref="353740363"/>
    <nd ref="353740364"/>
    <nd ref="2803229179"/>
    <nd ref="353740366"/>
    <nd ref="2803229180"/>
    <nd ref="353740367"/>
    <nd ref="353740368"/>
    <nd ref="353740369"/>
    <nd ref="353740371"/>
    <nd ref="2803229181"/>
    <nd ref="353740372"/>
    <nd ref="2803229182"/>
    <nd ref="2803229183"/>
    <nd ref="2803229184"/>
    <nd ref="2803229186"/>
    <nd ref="2803229187"/>
    <nd ref="2803229185"/>
    <nd ref="2803229193"/>
    <nd ref="2803229189"/>
    <nd ref="2803229191"/>
    <nd ref="2803229190"/>
    <nd ref="2803229192"/>
    <nd ref="2803229188"/>
    <nd ref="2803229196"/>
    <nd ref="2803229195"/>
    <nd ref="2803229194"/>
    <nd ref="2803229197"/>
    <nd ref="2803229199"/>
    <nd ref="2803229198"/>
    <nd ref="2803229200"/>
    <nd ref="2803229602"/>
    <nd ref="2803229601"/>
    <nd ref="2803229606"/>
    <nd ref="2803229604"/>
    <nd ref="2803229605"/>
    <nd ref="2803229603"/>
    <nd ref="2803229608"/>
    <nd ref="2803229607"/>
    <nd ref="2803229609"/>
    <nd ref="353740373"/>
    <tag k="highway" v="track"/>
    <tag k="source" v="Yahoo"/>
  </way>
  <way id="242561278" version="3" timestamp="2017-06-05T18:21:06Z" changeset="49280639" uid="1845527" user="turankaya74">
    <nd ref="2500314676"/>
    <nd ref="2500314677"/>
    <nd ref="2500314675"/>
    <nd ref="2500314674"/>
    <nd ref="2500314676"/>
    <tag k="leisure" v="pitch"/>
    <tag k="name" v="Tenis Kortu"/>
    <tag k="name:en" v="Tennis Court"/>
    <tag k="source" v="bing"/>
    <tag k="sport" v="tennis"/>
  </way>
  <way id="260419113" version="3" timestamp="2019-08-16T07:45:10Z" changeset="73402776" uid="9620039" user="batuhanc">
    <nd ref="2659095815"/>
    <nd ref="2659095818"/>
    <nd ref="2659095820"/>
    <nd ref="2659095822"/>
    <nd ref="2659095815"/>
    <tag k="area" v="yes"/>
    <tag k="name" v="Buz Pateni Pisti"/>
    <tag k="name:en" v="Ice Skating Rink"/>
    <tag k="piste:type" v="ice_skate"/>
  </way>
  <way id="260419647" version="3" timestamp="2021-04-27T13:19:56Z" changeset="103709934" uid="3997418" user="Alikam">
    <nd ref="2659099581"/>
    <nd ref="2659099582"/>
    <nd ref="2659099583"/>
    <nd ref="2659099584"/>
    <nd ref="2659099581"/>
    <tag k="addr:housename" v="Sağlık Merkezi"/>
    <tag k="amenity" v="hospital"/>
    <tag k="building" v="yes"/>
    <tag k="emergency" v="yes"/>
    <tag k="healthcare" v="hospital"/>
    <tag k="name" v="Sağlık Merkezi"/>
    <tag k="name:en" v="Health Center"/>
  </way>
  <way id="274707044" version="2" timestamp="2014-05-10T00:17:24Z" changeset="22242347" uid="2068628" user="sdafasdfa">
    <nd ref="2793862465"/>
    <nd ref="2793862466"/>
    <nd ref="2793862467"/>
    <nd ref="2793862468"/>
    <nd ref="2793862465"/>
    <tag k="building" v="dormitory"/>
    <tag k="name" v="G Yurdu"/>
    <tag k="name:en" v="Dorm G"/>
  </way>
  <way id="274707045" version="3" timestamp="2014-05-10T00:17:24Z" changeset="22242347" uid="2068628" user="sdafasdfa">
    <nd ref="2793862469"/>
    <nd ref="2793862470"/>
    <nd ref="2793862471"/>
    <nd ref="2793862472"/>
    <nd ref="2793862469"/>
    <tag k="building" v="dormitory"/>
    <tag k="name" v="K Yurdu"/>
    <tag k="name:en" v="Dorm K"/>
  </way>
  <way id="274707046" version="3" timestamp="2014-05-10T00:17:23Z" changeset="22242347" uid="2068628" user="sdafasdfa">
    <nd ref="2793862473"/>
    <nd ref="2793862474"/>
    <nd ref="2793862475"/>
    <nd ref="2793862476"/>
    <nd ref="2793862473"/>
    <tag k="building" v="dormitory"/>
    <tag k="name" v="H Yurdu"/>
    <tag k="name:en" v="Dorm H"/>
  </way>
  <way id="274707047" version="3" timestamp="2014-05-10T00:17:23Z" changeset="22242347" uid="2068628" user="sdafasdfa">
    <nd ref="2793862477"/>
    <nd ref="2793862478"/>
    <nd ref="2793862479"/>
    <nd ref="2793862480"/>
    <nd ref="2793862477"/>
    <tag k="building" v="dormitory"/>
    <tag k="name" v="E Yurdu"/>
    <tag k="name:en" v="Dorm E"/>
  </way>
  <way id="274707048" version="3" timestamp="2014-05-10T00:17:23Z" changeset="22242347" uid="2068628" user="sdafasdfa">
    <nd ref="2793862481"/>
    <nd ref="2793862482"/>
    <nd ref="2793862483"/>
    <nd ref="2793862484"/>
    <nd ref="2793862481"/>
    <tag k="building" v="dormitory"/>
    <tag k="name" v="B Yurdu"/>
    <tag k="name:en" v="Dorm B"/>
  </way>
  <way id="274707049" version="3" timestamp="2014-05-10T00:17:23Z" changeset="22242347" uid="2068628" user="sdafasdfa">
    <nd ref="2793862485"/>
    <nd ref="2793862486"/>
    <nd ref="2793862487"/>
    <nd ref="2793862488"/>
    <nd ref="2793862485"/>
    <tag k="building" v="dormitory"/>
    <tag k="name" v="C Yurdu"/>
    <tag k="name:en" v="Dorm C"/>
  </way>
  <way id="274707050" version="3" timestamp="2014-05-10T00:17:23Z" changeset="22242347" uid="2068628" user="sdafasdfa">
    <nd ref="2793862489"/>
    <nd ref="2793862490"/>
    <nd ref="2793862491"/>
    <nd ref="2793862492"/>
    <nd ref="2793862489"/>
    <tag k="building" v="dormitory"/>
    <tag k="name" v="A Yurdu"/>
    <tag k="name:en" v="Dorm A"/>
  </way>
  <way id="274707051" version="3" timestamp="2014-05-10T00:17:23Z" changeset="22242347" uid="2068628" user="sdafasdfa">
    <nd ref="2793862493"/>
    <nd ref="2793862494"/>
    <nd ref="2793862495"/>
    <nd ref="2793862496"/>
    <nd ref="2793862493"/>
    <tag k="building" v="dormitory"/>
    <tag k="name" v="D Yurdu"/>
    <tag k="name:en" v="Dorm D"/>
  </way>
  <way id="274707052" version="3" timestamp="2014-05-10T00:17:23Z" changeset="22242347" uid="2068628" user="sdafasdfa">
    <nd ref="2793862497"/>
    <nd ref="2793862498"/>
    <nd ref="2793862499"/>
    <nd ref="2793862500"/>
    <nd ref="2793862497"/>
    <tag k="building" v="dormitory"/>
    <tag k="name" v="F Yurdu"/>
    <tag k="name:en" v="Dorm F"/>
  </way>
  <way id="274707053" version="3" timestamp="2014-05-10T00:17:24Z" changeset="22242347" uid="2068628" user="sdafasdfa">
    <nd ref="2793862501"/>
    <nd ref="2793862502"/>
    <nd ref="2793862503"/>
    <nd ref="2793862504"/>
    <nd ref="2793862501"/>
    <tag k="building" v="dormitory"/>
    <tag k="name" v="J Yurdu"/>
    <tag k="name:en" v="Dorm J"/>
  </way>
  <way id="274707054" version="3" timestamp="2014-05-10T00:17:23Z" changeset="22242347" uid="2068628" user="sdafasdfa">
    <nd ref="2793862505"/>
    <nd ref="2793862506"/>
    <nd ref="2793862507"/>
    <nd ref="2793862508"/>
    <nd ref="2793862505"/>
    <tag k="building" v="dormitory"/>
    <tag k="name" v="I Yurdu"/>
    <tag k="name:en" v="Dorm I"/>
  </way>
  <way id="274707055" version="3" timestamp="2014-05-10T00:17:24Z" changeset="22242347" uid="2068628" user="sdafasdfa">
    <nd ref="2793862509"/>
    <nd ref="2793862510"/>
    <nd ref="2793862511"/>
    <nd ref="2793862512"/>
    <nd ref="2793862509"/>
    <tag k="building" v="dormitory"/>
    <tag k="name" v="L Yurdu"/>
    <tag k="name:en" v="Dorm L"/>
  </way>
  <way id="274707056" version="3" timestamp="2014-05-10T00:17:24Z" changeset="22242347" uid="2068628" user="sdafasdfa">
    <nd ref="2793862513"/>
    <nd ref="2793862514"/>
    <nd ref="2793862515"/>
    <nd ref="2793862516"/>
    <nd ref="2793862513"/>
    <tag k="building" v="dormitory"/>
    <tag k="name" v="N Yurdu"/>
    <tag k="name:en" v="Dorm N"/>
  </way>
  <way id="274707057" version="3" timestamp="2014-05-10T00:17:24Z" changeset="22242347" uid="2068628" user="sdafasdfa">
    <nd ref="2793862517"/>
    <nd ref="2793862518"/>
    <nd ref="2793862519"/>
    <nd ref="2793862520"/>
    <nd ref="2793862517"/>
    <tag k="building" v="dormitory"/>
    <tag k="name" v="O Yurdu"/>
    <tag k="name:en" v="Dorm O"/>
  </way>
  <way id="274707058" version="3" timestamp="2014-05-10T00:17:24Z" changeset="22242347" uid="2068628" user="sdafasdfa">
    <nd ref="2793862521"/>
    <nd ref="2793862522"/>
    <nd ref="2793862523"/>
    <nd ref="2793862524"/>
    <nd ref="2793862521"/>
    <tag k="building" v="dormitory"/>
    <tag k="name" v="P Yurdu"/>
    <tag k="name:en" v="Dorm P"/>
  </way>
  <way id="274707059" version="3" timestamp="2014-05-10T00:17:24Z" changeset="22242347" uid="2068628" user="sdafasdfa">
    <nd ref="2793862525"/>
    <nd ref="2793862526"/>
    <nd ref="2793862527"/>
    <nd ref="2793862528"/>
    <nd ref="2793862525"/>
    <tag k="building" v="dormitory"/>
    <tag k="name" v="R Yurdu"/>
    <tag k="name:en" v="Dorm R"/>
  </way>
  <way id="274707061" version="3" timestamp="2014-05-10T00:53:21Z" changeset="22242540" uid="2068628" user="sdafasdfa">
    <nd ref="2793862529"/>
    <nd ref="2793862530"/>
    <nd ref="2793862531"/>
    <nd ref="2793862532"/>
    <nd ref="2793862529"/>
    <tag k="building" v="dormitory"/>
    <tag k="name" v="M Yurdu"/>
    <tag k="name:en" v="Dorm M"/>
  </way>
  <way id="274707063" version="1" timestamp="2014-04-15T23:09:27Z" changeset="21719665" uid="2027085" user="canTurgay">
    <nd ref="2793862557"/>
    <nd ref="2793862558"/>
    <nd ref="2793862559"/>
    <nd ref="2793862560"/>
    <tag k="highway" v="service"/>
  </way>
  <way id="275664888" version="1" timestamp="2014-04-20T10:10:41Z" changeset="21813080" uid="2027085" user="canTurgay">
    <nd ref="2803213818"/>
    <nd ref="2803213819"/>
    <nd ref="2803213820"/>
    <nd ref="2803213821"/>
    <nd ref="2803213822"/>
    <nd ref="2803213823"/>
    <nd ref="2803213824"/>
    <nd ref="2803213825"/>
    <nd ref="2803213826"/>
    <nd ref="2803213827"/>
    <nd ref="2803213828"/>
    <nd ref="2803213829"/>
    <nd ref="2803213830"/>
    <nd ref="2803213831"/>
    <nd ref="2803213832"/>
    <nd ref="2803213833"/>
    <nd ref="2803213834"/>
    <nd ref="2803213835"/>
    <nd ref="2793862534"/>
    <nd ref="2803213818"/>
    <tag k="amenity" v="parking"/>
  </way>
  <way id="276723627" version="7" timestamp="2023-10-09T13:34:43Z" changeset="142350606" uid="15834339" user="yitimox">
    <nd ref="353737270"/>
    <nd ref="2813095611"/>
    <nd ref="2813095612"/>
    <nd ref="2813095613"/>
    <nd ref="2813095614"/>
    <nd ref="2813095615"/>
    <nd ref="2813095616"/>
    <nd ref="2813095617"/>
    <nd ref="2813095618"/>
    <nd ref="2813095619"/>
    <nd ref="2813095620"/>
    <nd ref="2813095621"/>
    <nd ref="2813095622"/>
    <nd ref="2813095623"/>
    <nd ref="2813095624"/>
    <nd ref="2813095625"/>
    <nd ref="2813094170"/>
    <tag k="highway" v="track"/>
  </way>
  <way id="276847481" version="4" timestamp="2019-10-04T07:44:47Z" changeset="75265803" uid="9237592" user="Burcu Bayasli">
    <nd ref="2814247545"/>
    <nd ref="6849520884"/>
    <nd ref="2814247546"/>
    <nd ref="6849520883"/>
    <nd ref="2814247547"/>
    <nd ref="2814247548"/>
    <nd ref="6849520882"/>
    <nd ref="2814247545"/>
    <tag k="building" v="dormitory"/>
    <tag k="name" v="Henry Ford Binası"/>
    <tag k="name:en" v="Henry Ford Building"/>
  </way>
  <way id="276848799" version="6" timestamp="2025-04-05T08:41:58Z" changeset="164540799" uid="12500589" user="tg4567">
    <nd ref="2814261127"/>
    <nd ref="2814261128"/>
    <nd ref="2814261129"/>
    <nd ref="2847384007"/>
    <nd ref="2814261127"/>
    <tag k="amenity" v="library"/>
    <tag k="building" v="yes"/>
    <tag k="name" v="Suna Kıraç Kütüphanesi"/>
    <tag k="name:en" v="Suna Kıraç Library"/>
    <tag k="operator" v="Koç Üniversitesi"/>
    <tag k="website" v="https://library.ku.edu.tr/"/>
    <tag k="wikidata" v="Q111150151"/>
    <tag k="wikimedia_commons" v="Category:Koç University Suna Kıraç Library"/>
    <tag k="wikipedia" v="en:Koç University Suna Kıraç Library"/>
  </way>
  <way id="279548100" version="1" timestamp="2014-05-05T13:28:19Z" changeset="22146800" uid="2027085" user="canTurgay">
    <nd ref="2803229158"/>
    <nd ref="2837706042"/>
    <nd ref="2837706043"/>
    <nd ref="2837706044"/>
    <nd ref="2837706045"/>
    <nd ref="2837706046"/>
    <nd ref="2837706047"/>
    <nd ref="2837706048"/>
    <nd ref="2837706049"/>
    <nd ref="2837706050"/>
    <nd ref="2837706051"/>
    <tag k="highway" v="track"/>
  </way>
  <way id="279548101" version="1" timestamp="2014-05-05T13:28:19Z" changeset="22146800" uid="2027085" user="canTurgay">
    <nd ref="353740345"/>
    <nd ref="2837706051"/>
    <nd ref="2837706052"/>
    <nd ref="2837706053"/>
    <nd ref="2837706054"/>
    <nd ref="2837706055"/>
    <tag k="highway" v="track"/>
  </way>
  <way id="279548102" version="1" timestamp="2014-05-05T13:28:19Z" changeset="22146800" uid="2027085" user="canTurgay">
    <nd ref="2837706054"/>
    <nd ref="2837706056"/>
    <nd ref="2837706057"/>
    <nd ref="2837706058"/>
    <tag k="highway" v="track"/>
  </way>
  <way id="279548103" version="1" timestamp="2014-05-05T13:28:19Z" changeset="22146800" uid="2027085" user="canTurgay">
    <nd ref="2837706052"/>
    <nd ref="2837706059"/>
    <nd ref="2837706060"/>
    <nd ref="2837706061"/>
    <nd ref="2837706062"/>
    <nd ref="2837706063"/>
    <nd ref="2837706064"/>
    <nd ref="2837706065"/>
    <nd ref="2837706066"/>
    <nd ref="2837706067"/>
    <nd ref="2837706068"/>
    <nd ref="2837706069"/>
    <nd ref="2837706070"/>
    <nd ref="2837706071"/>
    <nd ref="2837706072"/>
    <nd ref="2837706073"/>
    <nd ref="2837706074"/>
    <nd ref="2837706075"/>
    <nd ref="2837706076"/>
    <nd ref="2837706077"/>
    <nd ref="2837706078"/>
    <nd ref="2837706079"/>
    <tag k="highway" v="track"/>
  </way>
  <way id="279548104" version="2" timestamp="2023-10-09T13:34:43Z" changeset="142350606" uid="15834339" user="yitimox">
    <nd ref="2837706080"/>
    <nd ref="2837706081"/>
    <nd ref="2837706082"/>
    <nd ref="2837706083"/>
    <nd ref="2837706084"/>
    <nd ref="2837706085"/>
    <nd ref="2837706086"/>
    <nd ref="2837706087"/>
    <nd ref="2837706088"/>
    <nd ref="2837706089"/>
    <nd ref="2837706090"/>
    <nd ref="2837706091"/>
    <nd ref="2813155764"/>
    <nd ref="2837706092"/>
    <nd ref="2837706093"/>
    <nd ref="2837706094"/>
    <nd ref="2837706095"/>
    <nd ref="2837706096"/>
    <nd ref="2837706097"/>
    <nd ref="2837706098"/>
    <nd ref="2837706099"/>
    <nd ref="2837706100"/>
    <nd ref="2837710601"/>
    <nd ref="2837710602"/>
    <nd ref="2837710603"/>
    <nd ref="2837710604"/>
    <tag k="highway" v="unclassified"/>
    <tag k="surface" v="unpaved"/>
  </way>
  <way id="280665259" version="1" timestamp="2014-05-10T00:17:22Z" changeset="22242347" uid="2068628" user="sdafasdfa">
    <nd ref="2847354554"/>
    <nd ref="2847354555"/>
    <nd ref="2847354556"/>
    <nd ref="2847354557"/>
    <nd ref="2847354558"/>
    <nd ref="2847354559"/>
    <nd ref="2847354560"/>
    <nd ref="2847354561"/>
    <nd ref="2847354562"/>
    <nd ref="2847354563"/>
    <nd ref="2847354564"/>
    <nd ref="2847354565"/>
    <nd ref="2847354554"/>
    <tag k="building" v="dormitory"/>
    <tag k="name" v="S Yurdu"/>
    <tag k="name:en" v="Dorm S"/>
  </way>
  <way id="280665260" version="3" timestamp="2019-10-04T07:44:47Z" changeset="75265803" uid="9237592" user="Burcu Bayasli">
    <nd ref="2847354567"/>
    <nd ref="6849555992"/>
    <nd ref="2847354568"/>
    <nd ref="2847354569"/>
    <nd ref="6849555991"/>
    <nd ref="2847354570"/>
    <nd ref="2847354567"/>
    <tag k="building" v="yes"/>
    <tag k="name" v="Rektörlük"/>
    <tag k="name:en" v="Presidency"/>
  </way>
  <way id="280665261" version="2" timestamp="2014-05-10T00:40:16Z" changeset="22242477" uid="2068628" user="sdafasdfa">
    <nd ref="2847354571"/>
    <nd ref="2847377876"/>
    <nd ref="2847377875"/>
    <nd ref="2847377877"/>
    <nd ref="2847354573"/>
    <nd ref="2847354574"/>
    <nd ref="2847354575"/>
    <nd ref="2847354576"/>
    <nd ref="2847354571"/>
    <tag k="building" v="yes"/>
    <tag k="name" v="Öğrenci Merkezi"/>
    <tag k="name:en" v="Student Center"/>
  </way>
  <way id="280665262" version="2" timestamp="2014-05-10T00:40:16Z" changeset="22242477" uid="2068628" user="sdafasdfa">
    <nd ref="2847354577"/>
    <nd ref="2847354578"/>
    <nd ref="2847354579"/>
    <nd ref="2847354580"/>
    <nd ref="2847354581"/>
    <nd ref="2847354582"/>
    <nd ref="2847354583"/>
    <nd ref="2847354584"/>
    <nd ref="2847354585"/>
    <nd ref="2847354586"/>
    <nd ref="2847354587"/>
    <nd ref="2847354588"/>
    <nd ref="2847354589"/>
    <nd ref="2847354590"/>
    <nd ref="2847354591"/>
    <nd ref="2847354592"/>
    <nd ref="2847354577"/>
    <tag k="building" v="yes"/>
    <tag k="name" v="İktisadi ve İdari Bilimler Fakültesi"/>
    <tag k="name:en" v="College of Administrative Sciences and Economics"/>
  </way>
  <way id="280665263" version="2" timestamp="2014-05-10T00:40:16Z" changeset="22242477" uid="2068628" user="sdafasdfa">
    <nd ref="2847354593"/>
    <nd ref="2847354594"/>
    <nd ref="2847354595"/>
    <nd ref="2847354596"/>
    <nd ref="2847354597"/>
    <nd ref="2847354598"/>
    <nd ref="2847354599"/>
    <nd ref="2847354600"/>
    <nd ref="2847354601"/>
    <nd ref="2847354602"/>
    <nd ref="2847354603"/>
    <nd ref="2847354604"/>
    <nd ref="2847354605"/>
    <nd ref="2847354606"/>
    <nd ref="2847354593"/>
    <tag k="building" v="yes"/>
    <tag k="name" v="Sevgi Gönül Oditoryumu"/>
    <tag k="name:en" v="Sevgi Gönül Auditorium"/>
  </way>
  <way id="280665264" version="2" timestamp="2023-01-19T21:42:42Z" changeset="131483845" uid="18329630" user="bhokelek">
    <nd ref="2847354607"/>
    <nd ref="2847354608"/>
    <nd ref="2847354609"/>
    <nd ref="2847354610"/>
    <nd ref="2847354611"/>
    <nd ref="2847354612"/>
    <nd ref="2847354607"/>
    <tag k="building" v="yes"/>
    <tag k="name" v="İnsani Bilimler ve Edebiyat Fakültesi"/>
    <tag k="name:en" v="College of Social Sciences and Humanities"/>
  </way>
  <way id="280665265" version="2" timestamp="2023-01-19T21:42:42Z" changeset="131483845" uid="18329630" user="bhokelek">
    <nd ref="2847354613"/>
    <nd ref="2847354614"/>
    <nd ref="2847354615"/>
    <nd ref="2847354616"/>
    <nd ref="2847354617"/>
    <nd ref="2847354618"/>
    <nd ref="2847354613"/>
    <tag k="building" v="yes"/>
    <tag k="name" v="Fen Fakültesi"/>
    <tag k="name:en" v="College of Science"/>
  </way>
  <way id="280665266" version="3" timestamp="2023-01-19T21:42:42Z" changeset="131483845" uid="18329630" user="bhokelek">
    <nd ref="2847354619"/>
    <nd ref="2847354620"/>
    <nd ref="2847354621"/>
    <nd ref="2847354622"/>
    <nd ref="8396505968"/>
    <nd ref="8396505967"/>
    <nd ref="2847354623"/>
    <nd ref="2847354624"/>
    <nd ref="2847354619"/>
    <tag k="building" v="yes"/>
    <tag k="name" v="Tıp Fakültesi"/>
    <tag k="name:en" v="College of Medicine"/>
  </way>
  <way id="280666839" version="1" timestamp="2014-05-10T00:40:15Z" changeset="22242477" uid="2068628" user="sdafasdfa">
    <nd ref="2847377825"/>
    <nd ref="2847377826"/>
    <nd ref="2847377827"/>
    <nd ref="2847377828"/>
    <nd ref="2847377825"/>
    <tag k="building" v="dormitory"/>
    <tag k="name" v="U Yurdu"/>
    <tag k="name:en" v="Dorm U"/>
  </way>
  <way id="280666841" version="3" timestamp="2023-01-19T21:42:42Z" changeset="131483845" uid="18329630" user="bhokelek">
    <nd ref="10568782494"/>
    <nd ref="10568782495"/>
    <nd ref="10568782496"/>
    <nd ref="10568782497"/>
    <nd ref="10568782498"/>
    <nd ref="10568782499"/>
    <nd ref="10568782500"/>
    <nd ref="10568782501"/>
    <nd ref="10568782502"/>
    <nd ref="10568782503"/>
    <nd ref="10568782504"/>
    <nd ref="10568782505"/>
    <nd ref="10568782506"/>
    <nd ref="10568782507"/>
    <nd ref="10568782508"/>
    <nd ref="10568788209"/>
    <nd ref="10568788210"/>
    <nd ref="2847377838"/>
    <nd ref="8396490816"/>
    <nd ref="8396490815"/>
    <nd ref="2847377839"/>
    <nd ref="2847377840"/>
    <nd ref="8396490814"/>
    <nd ref="8396490813"/>
    <nd ref="2847377841"/>
    <nd ref="2847377842"/>
    <nd ref="2847377843"/>
    <nd ref="2847377844"/>
    <nd ref="2847377845"/>
    <nd ref="2847377846"/>
    <nd ref="2847377847"/>
    <nd ref="2847377848"/>
    <nd ref="10568782494"/>
    <tag k="building" v="yes"/>
    <tag k="name" v="Rahmi M. Koç Mühendislik Fakültesi"/>
    <tag k="name:en" v="College of Engineering"/>
  </way>
  <way id="280666842" version="2" timestamp="2014-05-30T11:39:40Z" changeset="22636335" uid="2075255" user="Tim Tables">
    <nd ref="2847377849"/>
    <nd ref="2847377850"/>
    <nd ref="2847377851"/>
    <nd ref="2847377852"/>
    <nd ref="2847377849"/>
    <tag k="man_made" v="wastewater_plant"/>
    <tag k="name" v="Arıtma Tesisi"/>
    <tag k="name:en" v="Maintanence Facility"/>
  </way>
  <way id="280666843" version="4" timestamp="2022-09-16T20:08:42Z" changeset="126277145" uid="12500589" user="tg4567">
    <nd ref="2847377854"/>
    <nd ref="2858239659"/>
    <nd ref="2847377855"/>
    <nd ref="2847377856"/>
    <nd ref="2858239674"/>
    <nd ref="2847377857"/>
    <nd ref="2847377854"/>
    <tag k="area" v="yes"/>
    <tag k="highway" v="pedestrian"/>
    <tag k="motor_vehicle" v="no"/>
    <tag k="name" v="Koç Meydanı"/>
    <tag k="name:en" v="Koç Square"/>
    <tag k="oneway" v="no"/>
    <tag k="wikimedia_commons" v="File:KoçUniversity2.jpg"/>
  </way>
  <way id="280666844" version="3" timestamp="2019-10-01T08:37:13Z" changeset="75136442" uid="9206516" user="erenozdemir">
    <nd ref="2847377858"/>
    <nd ref="2847377859"/>
    <nd ref="2847377860"/>
    <nd ref="2847377861"/>
    <nd ref="2847377862"/>
    <nd ref="2847377863"/>
    <nd ref="2847377864"/>
    <nd ref="2847377865"/>
    <nd ref="2847377866"/>
    <nd ref="2847377867"/>
    <nd ref="2847377868"/>
    <nd ref="2847377869"/>
    <nd ref="2847377870"/>
    <nd ref="2847377871"/>
    <nd ref="2847377872"/>
    <nd ref="2847377873"/>
    <nd ref="2847377874"/>
    <nd ref="2847377858"/>
    <tag k="amenity" v="theatre"/>
    <tag k="name" v="Odeon"/>
    <tag k="name:en" v="Odeon Amphitheatre"/>
    <tag k="operator" v="Koç Üniversitesi"/>
  </way>
  <way id="280666845" version="2" timestamp="2014-05-14T16:08:43Z" changeset="22336574" uid="2075255" user="Tim Tables">
    <nd ref="2847377878"/>
    <nd ref="2847377879"/>
    <nd ref="2847377880"/>
    <nd ref="2847377881"/>
    <nd ref="2858239648"/>
    <nd ref="2847377882"/>
    <nd ref="2847377878"/>
    <tag k="amenity" v="parking"/>
    <tag k="fee" v="no"/>
  </way>
  <way id="280667411" version="2" timestamp="2017-01-20T12:09:18Z" changeset="45325186" uid="2818856" user="CitymapperHQ">
    <nd ref="2847384017"/>
    <nd ref="2847384018"/>
    <nd ref="2847384019"/>
    <nd ref="2847384020"/>
    <nd ref="2793862656"/>
    <tag k="highway" v="footway"/>
    <tag k="motor_vehicle" v="no"/>
  </way>
  <way id="281848824" version="2" timestamp="2019-10-04T07:44:47Z" changeset="75265803" uid="9237592" user="Burcu Bayasli">
    <nd ref="2858239686"/>
    <nd ref="2858239608"/>
    <nd ref="2858239609"/>
    <nd ref="2858239687"/>
    <tag k="highway" v="service"/>
    <tag k="oneway" v="yes"/>
  </way>
  <way id="281848825" version="1" timestamp="2014-05-14T16:08:40Z" changeset="22336574" uid="2075255" user="Tim Tables">
    <nd ref="2858239610"/>
    <nd ref="2858239624"/>
    <nd ref="2858239661"/>
    <nd ref="2858239611"/>
    <nd ref="2858239615"/>
    <nd ref="2858239612"/>
    <nd ref="2858239613"/>
    <nd ref="2858239610"/>
    <tag k="highway" v="footway"/>
    <tag k="oneway" v="no"/>
  </way>
  <way id="281848826" version="1" timestamp="2014-05-14T16:08:40Z" changeset="22336574" uid="2075255" user="Tim Tables">
    <nd ref="2858239613"/>
    <nd ref="2858239614"/>
    <tag k="highway" v="footway"/>
    <tag k="oneway" v="no"/>
  </way>
  <way id="281848827" version="2" timestamp="2019-10-04T07:44:47Z" changeset="75265803" uid="9237592" user="Burcu Bayasli">
    <nd ref="2858239616"/>
    <nd ref="2858239617"/>
    <nd ref="2858239650"/>
    <nd ref="2858239653"/>
    <nd ref="2858239618"/>
    <nd ref="2858239619"/>
    <tag k="highway" v="footway"/>
    <tag k="oneway" v="no"/>
  </way>
  <way id="281848828" version="1" timestamp="2014-05-14T16:08:40Z" changeset="22336574" uid="2075255" user="Tim Tables">
    <nd ref="2858239620"/>
    <nd ref="2858239643"/>
    <nd ref="2858239632"/>
    <nd ref="2858239621"/>
    <nd ref="2858239622"/>
    <nd ref="2858239610"/>
    <tag k="highway" v="footway"/>
    <tag k="oneway" v="no"/>
  </way>
  <way id="281848829" version="1" timestamp="2014-05-14T16:08:40Z" changeset="22336574" uid="2075255" user="Tim Tables">
    <nd ref="2858239621"/>
    <nd ref="2858239623"/>
    <nd ref="2858239624"/>
    <tag k="highway" v="footway"/>
    <tag k="oneway" v="no"/>
  </way>
  <way id="281848830" version="1" timestamp="2014-05-14T16:08:40Z" changeset="22336574" uid="2075255" user="Tim Tables">
    <nd ref="2858239622"/>
    <nd ref="2858239628"/>
    <nd ref="2858239625"/>
    <nd ref="2858239630"/>
    <nd ref="2858239640"/>
    <nd ref="2858239626"/>
    <nd ref="2858239629"/>
    <nd ref="2858239645"/>
    <nd ref="2858239639"/>
    <nd ref="2858239620"/>
    <nd ref="2858239627"/>
    <tag k="highway" v="footway"/>
    <tag k="oneway" v="no"/>
  </way>
  <way id="281848831" version="1" timestamp="2014-05-14T16:08:40Z" changeset="22336574" uid="2075255" user="Tim Tables">
    <nd ref="2858239628"/>
    <nd ref="2858239631"/>
    <nd ref="2858239641"/>
    <nd ref="2858239629"/>
    <tag k="highway" v="footway"/>
    <tag k="oneway" v="no"/>
  </way>
  <way id="281848832" version="2" timestamp="2023-05-10T18:59:14Z" changeset="135948912" uid="13819895" user="hmdgms">
    <nd ref="2858239630"/>
    <nd ref="2858239631"/>
    <nd ref="10884432189"/>
    <nd ref="2858239632"/>
    <nd ref="2858239637"/>
    <nd ref="2858239633"/>
    <nd ref="2858239634"/>
    <nd ref="2858239660"/>
    <nd ref="2858239635"/>
    <nd ref="2858239636"/>
    <nd ref="2858239616"/>
    <tag k="highway" v="footway"/>
    <tag k="oneway" v="no"/>
  </way>
  <way id="281848833" version="1" timestamp="2014-05-14T16:08:40Z" changeset="22336574" uid="2075255" user="Tim Tables">
    <nd ref="2858239634"/>
    <nd ref="2858239638"/>
    <nd ref="2858239623"/>
    <tag k="highway" v="footway"/>
    <tag k="oneway" v="no"/>
  </way>
  <way id="281848835" version="2" timestamp="2023-05-10T18:59:14Z" changeset="135948912" uid="13819895" user="hmdgms">
    <nd ref="2858239622"/>
    <nd ref="10884432189"/>
    <nd ref="2858239642"/>
    <nd ref="2858239639"/>
    <tag k="highway" v="footway"/>
  </way>
  <way id="281848836" version="1" timestamp="2014-05-14T16:08:40Z" changeset="22336574" uid="2075255" user="Tim Tables">
    <nd ref="2858239640"/>
    <nd ref="2858239641"/>
    <nd ref="2858239642"/>
    <nd ref="2858239643"/>
    <nd ref="2858239644"/>
    <tag k="highway" v="footway"/>
    <tag k="oneway" v="no"/>
  </way>
  <way id="281848837" version="1" timestamp="2014-05-14T16:08:40Z" changeset="22336574" uid="2075255" user="Tim Tables">
    <nd ref="2858239630"/>
    <nd ref="353737054"/>
    <tag k="highway" v="footway"/>
    <tag k="oneway" v="no"/>
  </way>
  <way id="281848838" version="1" timestamp="2014-05-14T16:08:40Z" changeset="22336574" uid="2075255" user="Tim Tables">
    <nd ref="2858239645"/>
    <nd ref="2858239646"/>
    <nd ref="2858239647"/>
    <nd ref="2858239648"/>
    <tag k="highway" v="footway"/>
    <tag k="oneway" v="no"/>
  </way>
  <way id="281848839" version="1" timestamp="2014-05-14T16:08:40Z" changeset="22336574" uid="2075255" user="Tim Tables">
    <nd ref="2858239612"/>
    <nd ref="2858239649"/>
    <tag k="highway" v="footway"/>
    <tag k="oneway" v="no"/>
  </way>
  <way id="281848840" version="1" timestamp="2014-05-14T16:08:40Z" changeset="22336574" uid="2075255" user="Tim Tables">
    <nd ref="2858239650"/>
    <nd ref="2858239651"/>
    <nd ref="2858239654"/>
    <nd ref="2858239652"/>
    <nd ref="2858239653"/>
    <tag k="highway" v="footway"/>
    <tag k="oneway" v="no"/>
  </way>
  <way id="281848841" version="3" timestamp="2019-10-04T07:44:47Z" changeset="75265803" uid="9237592" user="Burcu Bayasli">
    <nd ref="2858239655"/>
    <nd ref="2858239656"/>
    <nd ref="2858239657"/>
    <nd ref="2858239658"/>
    <tag k="highway" v="footway"/>
    <tag k="oneway" v="no"/>
  </way>
  <way id="281848842" version="1" timestamp="2014-05-14T16:08:41Z" changeset="22336574" uid="2075255" user="Tim Tables">
    <nd ref="2858239660"/>
    <nd ref="2858239661"/>
    <tag k="highway" v="footway"/>
    <tag k="oneway" v="no"/>
  </way>
  <way id="281848843" version="3" timestamp="2019-10-01T08:37:13Z" changeset="75136442" uid="9206516" user="erenozdemir">
    <nd ref="2858239663"/>
    <nd ref="2858239664"/>
    <nd ref="2858239670"/>
    <nd ref="2858239665"/>
    <nd ref="2858239662"/>
    <tag k="highway" v="footway"/>
    <tag k="oneway" v="no"/>
  </way>
  <way id="281848844" version="2" timestamp="2019-10-01T08:37:13Z" changeset="75136442" uid="9206516" user="erenozdemir">
    <nd ref="2858239666"/>
    <nd ref="2858239667"/>
    <nd ref="2858239668"/>
    <nd ref="2858239669"/>
    <tag k="highway" v="footway"/>
    <tag k="oneway" v="no"/>
  </way>
  <way id="281848845" version="2" timestamp="2019-10-01T08:37:13Z" changeset="75136442" uid="9206516" user="erenozdemir">
    <nd ref="6839840320"/>
    <nd ref="2858239669"/>
    <nd ref="2858239671"/>
    <tag k="highway" v="footway"/>
    <tag k="oneway" v="no"/>
  </way>
  <way id="281848846" version="1" timestamp="2014-05-14T16:08:41Z" changeset="22336574" uid="2075255" user="Tim Tables">
    <nd ref="2858239667"/>
    <nd ref="2858239672"/>
    <nd ref="2858239673"/>
    <nd ref="2858239674"/>
    <tag k="highway" v="footway"/>
    <tag k="oneway" v="no"/>
  </way>
  <way id="281848847" version="2" timestamp="2019-08-16T07:45:10Z" changeset="73402776" uid="9620039" user="batuhanc">
    <nd ref="2858239676"/>
    <nd ref="2858239677"/>
    <nd ref="2858239678"/>
    <nd ref="2858239679"/>
    <nd ref="353737179"/>
    <tag k="highway" v="unclassified"/>
  </way>
  <way id="281848848" version="1" timestamp="2014-05-14T16:08:41Z" changeset="22336574" uid="2075255" user="Tim Tables">
    <nd ref="2858239680"/>
    <nd ref="2858239681"/>
    <tag k="access" v="no"/>
    <tag k="highway" v="unclassified"/>
  </way>
  <way id="281848849" version="1" timestamp="2014-05-14T16:08:41Z" changeset="22336574" uid="2075255" user="Tim Tables">
    <nd ref="2858239682"/>
    <nd ref="2858239683"/>
    <nd ref="2847384017"/>
    <tag k="highway" v="footway"/>
    <tag k="oneway" v="no"/>
  </way>
  <way id="281848850" version="2" timestamp="2015-02-27T14:35:13Z" changeset="29136556" uid="2377377" user="abel801">
    <nd ref="2858239684"/>
    <nd ref="2858239682"/>
    <nd ref="2858239680"/>
    <nd ref="2858239685"/>
    <nd ref="2847377854"/>
    <tag k="highway" v="footway"/>
    <tag k="oneway" v="no"/>
  </way>
  <way id="281848851" version="2" timestamp="2017-01-20T12:09:17Z" changeset="45325186" uid="2818856" user="CitymapperHQ">
    <nd ref="2858239687"/>
    <nd ref="4620570498"/>
    <nd ref="4620570499"/>
    <nd ref="353737063"/>
    <nd ref="2858239684"/>
    <nd ref="2858239686"/>
    <tag k="highway" v="service"/>
    <tag k="oneway" v="yes"/>
    <tag k="source" v="Yahoo"/>
  </way>
  <way id="281848852" version="2" timestamp="2014-05-30T11:28:18Z" changeset="22636168" uid="2075255" user="Tim Tables">
    <nd ref="2858239686"/>
    <nd ref="353737066"/>
    <nd ref="353737067"/>
    <tag k="highway" v="service"/>
    <tag k="oneway" v="no"/>
    <tag k="source" v="Yahoo"/>
  </way>
  <way id="285207718" version="3" timestamp="2021-04-27T13:19:56Z" changeset="103709934" uid="3997418" user="Alikam">
    <nd ref="2888937758"/>
    <nd ref="2888937759"/>
    <nd ref="2888937760"/>
    <nd ref="2888937761"/>
    <nd ref="2888937762"/>
    <nd ref="2888937758"/>
    <tag k="landuse" v="recreation_ground"/>
    <tag k="name" v="Öğrenci Meydanı"/>
    <tag k="name:en" v="University Common"/>
  </way>
  <way id="285208441" version="1" timestamp="2014-05-30T11:28:17Z" changeset="22636168" uid="2075255" user="Tim Tables">
    <nd ref="2888948982"/>
    <nd ref="2888948983"/>
    <nd ref="2888948984"/>
    <nd ref="2888948985"/>
    <nd ref="2888948982"/>
    <tag k="amenity" v="parking"/>
    <tag k="fee" v="no"/>
  </way>
  <way id="285209225" version="1" timestamp="2014-05-30T11:39:39Z" changeset="22636335" uid="2075255" user="Tim Tables">
    <nd ref="2888965895"/>
    <nd ref="2888965896"/>
    <nd ref="2888965897"/>
    <nd ref="2888965898"/>
    <nd ref="2888965895"/>
    <tag k="amenity" v="parking"/>
    <tag k="fee" v="no"/>
    <tag k="parking" v="surface"/>
  </way>
  <way id="285568024" version="1" timestamp="2014-05-31T20:30:39Z" changeset="22662715" uid="2075255" user="Tim Tables">
    <nd ref="2892288766"/>
    <nd ref="2892288767"/>
    <nd ref="2892288768"/>
    <nd ref="2892288769"/>
    <nd ref="2892288770"/>
    <nd ref="2892288771"/>
    <nd ref="2892288772"/>
    <nd ref="2892288773"/>
    <nd ref="2892288766"/>
    <tag k="landuse" v="grass"/>
  </way>
  <way id="285568025" version="1" timestamp="2014-05-31T20:30:39Z" changeset="22662715" uid="2075255" user="Tim Tables">
    <nd ref="2892288774"/>
    <nd ref="2892288775"/>
    <nd ref="2892288776"/>
    <nd ref="2892288777"/>
    <nd ref="2892288778"/>
    <nd ref="2892288779"/>
    <nd ref="2892288780"/>
    <nd ref="2892288781"/>
    <nd ref="2892288782"/>
    <nd ref="2892288774"/>
    <tag k="landuse" v="grass"/>
  </way>
  <way id="285568026" version="1" timestamp="2014-05-31T20:30:39Z" changeset="22662715" uid="2075255" user="Tim Tables">
    <nd ref="2892288783"/>
    <nd ref="2892288784"/>
    <nd ref="2892288785"/>
    <nd ref="2892288786"/>
    <nd ref="2892288787"/>
    <nd ref="2892288788"/>
    <nd ref="2892288789"/>
    <nd ref="2892288790"/>
    <nd ref="2892288783"/>
    <tag k="landuse" v="grass"/>
  </way>
  <way id="285568027" version="1" timestamp="2014-05-31T20:30:39Z" changeset="22662715" uid="2075255" user="Tim Tables">
    <nd ref="2892289203"/>
    <nd ref="2892289204"/>
    <nd ref="2892289205"/>
    <nd ref="2892289206"/>
    <nd ref="2892289207"/>
    <nd ref="2892289208"/>
    <nd ref="2892289209"/>
    <nd ref="2892288791"/>
    <nd ref="2892288792"/>
    <nd ref="2892288795"/>
    <nd ref="2892288796"/>
    <nd ref="2892288797"/>
    <nd ref="2892288798"/>
    <nd ref="2892288799"/>
    <nd ref="2892288800"/>
    <nd ref="2892289201"/>
    <nd ref="2892289202"/>
    <nd ref="2892288793"/>
    <nd ref="2892288794"/>
    <nd ref="2892289203"/>
    <tag k="amenity" v="fountain"/>
  </way>
  <way id="467438273" version="1" timestamp="2017-01-20T12:09:16Z" changeset="45325186" uid="2818856" user="CitymapperHQ">
    <nd ref="2858239673"/>
    <nd ref="4620570489"/>
    <nd ref="4620570490"/>
    <nd ref="4620570491"/>
    <nd ref="353737627"/>
    <tag k="highway" v="footway"/>
  </way>
  <way id="467438274" version="2" timestamp="2019-10-01T08:37:13Z" changeset="75136442" uid="9206516" user="erenozdemir">
    <nd ref="2858239674"/>
    <nd ref="2847377857"/>
    <nd ref="2858239666"/>
    <nd ref="2858239662"/>
    <nd ref="2858239663"/>
    <nd ref="4620570492"/>
    <nd ref="2793862653"/>
    <tag k="highway" v="footway"/>
    <tag k="oneway" v="no"/>
  </way>
  <way id="467438275" version="2" timestamp="2019-10-04T07:44:47Z" changeset="75265803" uid="9237592" user="Burcu Bayasli">
    <nd ref="2858239655"/>
    <nd ref="4620570494"/>
    <nd ref="4620570495"/>
    <nd ref="4620570496"/>
    <nd ref="4620570497"/>
    <nd ref="6849555990"/>
    <nd ref="6849555989"/>
    <nd ref="6849555988"/>
    <nd ref="6849555987"/>
    <nd ref="6849555986"/>
    <nd ref="6849555985"/>
    <nd ref="2858239658"/>
    <tag k="highway" v="footway"/>
  </way>
  <way id="549094071" version="1" timestamp="2017-12-26T07:02:32Z" changeset="54922200" uid="7360381" user="vandaze">
    <nd ref="5304289720"/>
    <nd ref="5304289821"/>
    <nd ref="5304289822"/>
    <nd ref="5304289823"/>
    <nd ref="5304289720"/>
    <tag k="building" v="yes"/>
    <tag k="name" v="ELC Binası"/>
  </way>
  <way id="714365659" version="1" timestamp="2019-08-16T07:45:10Z" changeset="73402776" uid="9620039" user="batuhanc">
    <nd ref="6715078719"/>
    <nd ref="6715078721"/>
    <nd ref="2792230196"/>
    <tag k="highway" v="service"/>
    <tag k="oneway" v="yes"/>
    <tag k="source" v="Yahoo"/>
  </way>
  <way id="714365660" version="1" timestamp="2019-08-16T07:45:10Z" changeset="73402776" uid="9620039" user="batuhanc">
    <nd ref="353737189"/>
    <nd ref="6715078728"/>
    <nd ref="6715078729"/>
    <nd ref="6715078732"/>
    <nd ref="6715078733"/>
    <nd ref="6715078736"/>
    <nd ref="6715078723"/>
    <nd ref="353737189"/>
    <tag k="amenity" v="parking"/>
  </way>
  <way id="714365661" version="1" timestamp="2019-08-16T07:45:10Z" changeset="73402776" uid="9620039" user="batuhanc">
    <nd ref="6715078739"/>
    <nd ref="6715078740"/>
    <nd ref="6715078741"/>
    <nd ref="6715078742"/>
    <nd ref="6715078739"/>
    <tag k="leisure" v="swimming_pool"/>
    <tag k="name" v="Koç Üniversitesi Açık Yüzme Havuzu"/>
  </way>
  <way id="714365662" version="1" timestamp="2019-08-16T07:45:10Z" changeset="73402776" uid="9620039" user="batuhanc">
    <nd ref="6715078743"/>
    <nd ref="6715078744"/>
    <nd ref="6715078745"/>
    <nd ref="6715078746"/>
    <nd ref="6715078743"/>
    <tag k="leisure" v="pitch"/>
    <tag k="sport" v="american_football"/>
  </way>
  <way id="714365663" version="1" timestamp="2019-08-16T07:45:10Z" changeset="73402776" uid="9620039" user="batuhanc">
    <nd ref="2858239608"/>
    <nd ref="6715078751"/>
    <nd ref="6715078750"/>
    <nd ref="6715078749"/>
    <nd ref="6715078748"/>
    <nd ref="6715078747"/>
    <nd ref="2793862656"/>
    <nd ref="2793862657"/>
    <nd ref="2793862658"/>
    <nd ref="2793862655"/>
    <nd ref="2793862660"/>
    <nd ref="2793862659"/>
    <nd ref="353737068"/>
    <nd ref="2374535499"/>
    <tag k="highway" v="service"/>
    <tag k="source" v="Yahoo"/>
  </way>
  <way id="730126311" version="1" timestamp="2019-10-01T08:37:13Z" changeset="75136442" uid="9206516" user="erenozdemir">
    <nd ref="2858239662"/>
    <nd ref="2858239664"/>
    <tag k="highway" v="footway"/>
    <tag k="oneway" v="no"/>
  </way>
  <way id="731268145" version="1" timestamp="2019-10-04T07:44:47Z" changeset="75265803" uid="9237592" user="Burcu Bayasli">
    <nd ref="6849520882"/>
    <nd ref="2858239616"/>
    <tag k="highway" v="footway"/>
    <tag k="oneway" v="no"/>
  </way>
  <way id="731268146" version="1" timestamp="2019-10-04T07:44:47Z" changeset="75265803" uid="9237592" user="Burcu Bayasli">
    <nd ref="6849520883"/>
    <nd ref="6849520882"/>
    <tag k="covered" v="yes"/>
    <tag k="highway" v="footway"/>
    <tag k="oneway" v="no"/>
  </way>
  <way id="731268147" version="1" timestamp="2019-10-04T07:44:47Z" changeset="75265803" uid="9237592" user="Burcu Bayasli">
    <nd ref="2858239615"/>
    <nd ref="6849520883"/>
    <tag k="highway" v="footway"/>
    <tag k="oneway" v="no"/>
  </way>
  <way id="731268148" version="1" timestamp="2019-10-04T07:44:47Z" changeset="75265803" uid="9237592" user="Burcu Bayasli">
    <nd ref="2858239658"/>
    <nd ref="6849555992"/>
    <tag k="highway" v="footway"/>
    <tag k="oneway" v="no"/>
  </way>
  <way id="731268149" version="1" timestamp="2019-10-04T07:44:47Z" changeset="75265803" uid="9237592" user="Burcu Bayasli">
    <nd ref="2858239654"/>
    <nd ref="2858239655"/>
    <tag k="highway" v="footway"/>
    <tag k="oneway" v="no"/>
  </way>
  <way id="731268150" version="1" timestamp="2019-10-04T07:44:47Z" changeset="75265803" uid="9237592" user="Burcu Bayasli">
    <nd ref="6849555991"/>
    <nd ref="2858239659"/>
    <nd ref="2847377854"/>
    <tag k="highway" v="footway"/>
    <tag k="oneway" v="no"/>
  </way>
  <way id="731268151" version="1" timestamp="2019-10-04T07:44:47Z" changeset="75265803" uid="9237592" user="Burcu Bayasli">
    <nd ref="6849555992"/>
    <nd ref="6849555991"/>
    <tag k="covered" v="yes"/>
    <tag k="highway" v="footway"/>
    <tag k="oneway" v="no"/>
  </way>
  <way id="904082513" version="2" timestamp="2023-01-19T21:42:42Z" changeset="131483845" uid="18329630" user="bhokelek">
    <nd ref="8396490799"/>
    <nd ref="8396490800"/>
    <nd ref="8396490795"/>
    <nd ref="8396490796"/>
    <nd ref="8396490797"/>
    <nd ref="10568782489"/>
    <nd ref="10568782488"/>
    <nd ref="10568782487"/>
    <nd ref="10568782486"/>
    <nd ref="10568782485"/>
    <nd ref="10568782484"/>
    <nd ref="10568782483"/>
    <nd ref="10568782482"/>
    <nd ref="10568782481"/>
    <nd ref="10568782480"/>
    <nd ref="10568782493"/>
    <nd ref="10568782490"/>
    <nd ref="10568782479"/>
    <nd ref="10568782491"/>
    <nd ref="10568782492"/>
    <nd ref="10568782478"/>
    <nd ref="10568782477"/>
    <nd ref="10568782476"/>
    <nd ref="10568782475"/>
    <nd ref="10568782474"/>
    <nd ref="10568782473"/>
    <nd ref="10568782472"/>
    <nd ref="10568782471"/>
    <nd ref="10568782470"/>
    <nd ref="10568782469"/>
    <nd ref="10568782468"/>
    <nd ref="10568782467"/>
    <nd ref="10568782466"/>
    <nd ref="10568782465"/>
    <nd ref="10568782464"/>
    <nd ref="10568782463"/>
    <nd ref="10568782462"/>
    <nd ref="10568782461"/>
    <nd ref="10568782460"/>
    <nd ref="10568782459"/>
    <nd ref="10568782458"/>
    <nd ref="10568782457"/>
    <nd ref="10568782456"/>
    <nd ref="10568782455"/>
    <nd ref="10568782454"/>
    <nd ref="10568782453"/>
    <nd ref="10568782452"/>
    <nd ref="10568782451"/>
    <nd ref="10568782450"/>
    <nd ref="8396490798"/>
    <nd ref="8396490812"/>
    <nd ref="8396490811"/>
    <nd ref="8396490810"/>
    <nd ref="8396490809"/>
    <nd ref="8396490808"/>
    <nd ref="8396490805"/>
    <nd ref="8396490807"/>
    <nd ref="8396490806"/>
    <nd ref="8396490804"/>
    <nd ref="8396490803"/>
    <nd ref="8396490802"/>
    <nd ref="8396490801"/>
    <nd ref="8396490799"/>
    <tag k="building" v="yes"/>
    <tag k="layer" v="1"/>
    <tag k="name" v="Semahat &amp; Nusret Arsel (SNA) Building"/>
  </way>
  <way id="1214334420" version="1" timestamp="2023-10-09T13:34:43Z" changeset="142350606" uid="15834339" user="yitimox">
    <nd ref="11251027507"/>
    <nd ref="11251027508"/>
    <nd ref="11251027509"/>
    <nd ref="11251027510"/>
    <nd ref="11251027511"/>
    <nd ref="11251027512"/>
    <nd ref="11251027513"/>
    <nd ref="11251045955"/>
    <tag k="intermittent" v="yes"/>
    <tag k="waterway" v="stream"/>
  </way>
  <way id="1491971480" version="2" timestamp="2026-03-24T19:16:51Z" changeset="180371527" uid="3997418" user="Alikam">
    <nd ref="2803213560"/>
    <nd ref="2803213561"/>
    <nd ref="2803213562"/>
    <nd ref="2803213563"/>
    <nd ref="2803213564"/>
    <nd ref="2803213565"/>
    <nd ref="2803213566"/>
    <nd ref="2803212608"/>
    <nd ref="2803212609"/>
    <nd ref="2803213816"/>
    <nd ref="2803212610"/>
    <nd ref="2803212611"/>
    <nd ref="2813086194"/>
    <nd ref="2813086195"/>
    <nd ref="2813086198"/>
    <nd ref="2813086199"/>
    <nd ref="2813086200"/>
    <nd ref="2813091001"/>
    <nd ref="2813086197"/>
    <nd ref="2813091002"/>
    <nd ref="2813091003"/>
    <nd ref="2813091004"/>
    <nd ref="2813091005"/>
    <nd ref="2813091006"/>
    <nd ref="2813091007"/>
    <nd ref="2813091010"/>
    <nd ref="2813091011"/>
    <nd ref="2813091012"/>
    <nd ref="2813091013"/>
    <nd ref="2813091018"/>
    <nd ref="2813091019"/>
    <nd ref="2813091020"/>
    <nd ref="2813091021"/>
    <nd ref="2813091026"/>
    <nd ref="2813091027"/>
    <nd ref="2813091028"/>
    <nd ref="2813091029"/>
    <nd ref="2813091030"/>
    <nd ref="2813091031"/>
    <nd ref="2813091032"/>
    <nd ref="2813091033"/>
    <nd ref="2813091034"/>
    <nd ref="2813091035"/>
    <nd ref="2813091036"/>
    <nd ref="2813091037"/>
    <nd ref="2813091041"/>
    <nd ref="2813091042"/>
    <nd ref="2813091043"/>
    <nd ref="2813091044"/>
    <nd ref="2813091045"/>
    <nd ref="2813091046"/>
    <nd ref="2813091051"/>
    <nd ref="2813091053"/>
    <nd ref="2813091056"/>
    <nd ref="2813091059"/>
    <nd ref="2813091060"/>
    <nd ref="2813091061"/>
    <nd ref="2813091062"/>
    <nd ref="2813091065"/>
    <nd ref="2813091066"/>
    <nd ref="2813091067"/>
    <nd ref="2813091068"/>
    <nd ref="2813091069"/>
    <nd ref="2813091070"/>
    <nd ref="2813091072"/>
    <nd ref="2813091073"/>
    <nd ref="2813091047"/>
    <nd ref="2803212677"/>
    <nd ref="2803212678"/>
    <nd ref="2803212679"/>
    <nd ref="2803212680"/>
    <nd ref="2803212681"/>
    <nd ref="2803212682"/>
    <nd ref="2803212683"/>
    <nd ref="2803212684"/>
    <nd ref="2803212685"/>
    <nd ref="2803212686"/>
    <nd ref="2803212687"/>
    <nd ref="2803212688"/>
    <nd ref="2803212689"/>
    <nd ref="2803212690"/>
    <nd ref="2803212691"/>
    <nd ref="2803212692"/>
    <nd ref="2803212693"/>
    <nd ref="2803212694"/>
    <nd ref="2803212695"/>
    <nd ref="2803212696"/>
    <nd ref="2803212697"/>
    <nd ref="2803212698"/>
    <nd ref="2803212699"/>
    <nd ref="2803212700"/>
    <nd ref="2803213501"/>
    <nd ref="2803213502"/>
    <nd ref="2803213503"/>
    <nd ref="2803213504"/>
    <nd ref="2803213505"/>
    <nd ref="2803213506"/>
    <nd ref="2803213507"/>
    <nd ref="2803213508"/>
    <nd ref="2803213509"/>
    <nd ref="2803213510"/>
    <nd ref="2803213511"/>
    <nd ref="2803213512"/>
    <nd ref="2803213513"/>
    <nd ref="2803213514"/>
    <nd ref="2803213515"/>
    <nd ref="2803213516"/>
    <nd ref="2803213517"/>
    <nd ref="2803213518"/>
    <nd ref="2803213519"/>
    <nd ref="2803213520"/>
    <nd ref="2803213521"/>
    <nd ref="2803213522"/>
    <nd ref="2803213523"/>
    <nd ref="2803213524"/>
    <nd ref="2803213525"/>
    <nd ref="2803213526"/>
    <nd ref="2803213527"/>
    <nd ref="2803213528"/>
    <nd ref="2803213529"/>
    <nd ref="2803213530"/>
    <nd ref="2803213531"/>
    <nd ref="2803213532"/>
    <nd ref="2803213533"/>
    <nd ref="2803213534"/>
    <nd ref="2803213535"/>
    <nd ref="2803213536"/>
    <nd ref="2803213537"/>
    <nd ref="2803213538"/>
    <nd ref="2803213539"/>
    <nd ref="2803213540"/>
    <nd ref="2803213541"/>
    <nd ref="2803213542"/>
    <nd ref="2803213543"/>
    <nd ref="2803213544"/>
    <nd ref="2803213545"/>
    <nd ref="2803213546"/>
    <nd ref="2803213547"/>
    <nd ref="2803213548"/>
    <nd ref="2803213549"/>
    <nd ref="2803213550"/>
    <nd ref="2803213551"/>
    <nd ref="2803213552"/>
    <nd ref="2803213553"/>
    <nd ref="2803213554"/>
    <nd ref="2803213555"/>
    <nd ref="2803213556"/>
    <nd ref="2803213557"/>
    <nd ref="2803213558"/>
    <nd ref="2803213559"/>
    <nd ref="2803213560"/>
    <tag k="addr:city" v="İstanbul"/>
    <tag k="amenity" v="university"/>
    <tag k="education" v="university"/>
    <tag k="name" v="Koç Üniversitesi"/>
    <tag k="name:en" v="Koç University"/>
    <tag k="name:ku" v="Zanîngeha Koçê"/>
    <tag k="wikidata" v="Q1193155"/>
    <tag k="wikimedia_commons" v="Category:Koç University"/>
    <tag k="wikipedia" v="tr:Koç Üniversitesi"/>
  </way>
  <relation id="3743290" version="52" timestamp="2026-03-11T16:17:58Z" changeset="179711662" uid="23884811" user="scanningunashamedearplugswife">
    <member type="node" ref="2847386601" role="platform"/>
    <member type="node" ref="2847386602" role="platform"/>
    <member type="node" ref="2885351517" role="platform"/>
    <member type="node" ref="11540579721" role="platform"/>
    <member type="node" ref="2866510546" role="platform"/>
    <member type="node" ref="11540579693" role="platform"/>
    <member type="node" ref="11540579724" role="platform"/>
    <member type="node" ref="11540579704" role="platform"/>
    <member type="node" ref="11540579687" role="platform"/>
    <member type="node" ref="11540579690" role="platform"/>
    <member type="node" ref="11540579716" role="platform"/>
    <member type="node" ref="2201644152" role="platform"/>
    <member type="node" ref="3687901871" role="platform"/>
    <member type="node" ref="11540579699" role="platform"/>
    <member type="node" ref="11540579682" role="platform"/>
    <member type="node" ref="11540579707" role="platform"/>
    <member type="node" ref="11540579708" role="platform"/>
    <member type="node" ref="11540579691" role="platform"/>
    <member type="node" ref="11540579717" role="platform"/>
    <member type="node" ref="11540579701" role="platform"/>
    <member type="node" ref="3687901857" role="platform"/>
    <member type="node" ref="3687901855" role="platform"/>
    <member type="node" ref="13159520137" role=""/>
    <member type="node" ref="2847386601" role=""/>
    <member type="node" ref="13148046718" role="platform"/>
    <member type="node" ref="11540579712" role="platform"/>
    <member type="node" ref="11540579695" role="platform"/>
    <member type="node" ref="11540579719" role="platform"/>
    <member type="node" ref="11540579702" role="platform"/>
    <member type="node" ref="11540579697" role="platform"/>
    <member type="node" ref="11540579706" role="platform"/>
    <member type="node" ref="11540579689" role="platform"/>
    <member type="node" ref="3687901880" role="platform"/>
    <member type="node" ref="11540579714" role="platform"/>
    <member type="way" ref="281848852" role=""/>
    <member type="way" ref="281848824" role=""/>
    <member type="way" ref="31616323" role=""/>
    <member type="way" ref="639196518" role=""/>
    <member type="way" ref="693984781" role=""/>
    <member type="way" ref="31432716" role=""/>
    <member type="way" ref="282712531" role=""/>
    <member type="way" ref="31415755" role=""/>
    <member type="way" ref="953983908" role=""/>
    <member type="way" ref="953983909" role=""/>
    <member type="way" ref="953983907" role=""/>
    <member type="way" ref="785797340" role=""/>
    <member type="way" ref="217060897" role=""/>
    <member type="way" ref="217060966" role=""/>
    <member type="way" ref="217060961" role=""/>
    <member type="way" ref="365519074" role=""/>
    <member type="way" ref="31415564" role=""/>
    <member type="way" ref="31415522" role=""/>
    <member type="way" ref="367002981" role=""/>
    <member type="way" ref="241179292" role=""/>
    <member type="way" ref="1468591367" role=""/>
    <member type="way" ref="1468591366" role=""/>
    <member type="way" ref="1468591364" role=""/>
    <member type="way" ref="231304067" role=""/>
    <member type="way" ref="231304073" role=""/>
    <member type="way" ref="23725880" role=""/>
    <member type="way" ref="231304029" role=""/>
    <member type="way" ref="231296841" role=""/>
    <member type="way" ref="231295383" role=""/>
    <member type="way" ref="508187554" role=""/>
    <member type="way" ref="282715454" role=""/>
    <member type="way" ref="231295380" role=""/>
    <member type="way" ref="1452947702" role=""/>
    <member type="way" ref="231295353" role=""/>
    <member type="way" ref="227697273" role=""/>
    <member type="way" ref="148651277" role=""/>
    <member type="way" ref="148651272" role=""/>
    <member type="way" ref="283397374" role=""/>
    <member type="way" ref="1430365492" role=""/>
    <member type="way" ref="941866001" role=""/>
    <member type="way" ref="1006807916" role=""/>
    <member type="way" ref="1211940078" role=""/>
    <member type="way" ref="282709622" role=""/>
    <member type="way" ref="1212974007" role=""/>
    <member type="way" ref="905949923" role=""/>
    <member type="way" ref="231295381" role=""/>
    <member type="way" ref="158743409" role=""/>
    <member type="way" ref="158743436" role=""/>
    <member type="way" ref="1182793112" role=""/>
    <member type="way" ref="730107377" role=""/>
    <member type="way" ref="825425718" role=""/>
    <member type="way" ref="508172643" role=""/>
    <member type="way" ref="1487722117" role=""/>
    <member type="way" ref="1453177086" role=""/>
    <tag k="from" v="Koç Üniversitesi"/>
    <tag k="name" v="154 Koç Üniversitesi → Hacıosman Metro"/>
    <tag k="network" v="İETT"/>
    <tag k="network:wikidata" v="Q343136"/>
    <tag k="operator" v="IETT"/>
    <tag k="public_transport:version" v="2"/>
    <tag k="ref" v="154"/>
    <tag k="route" v="bus"/>
    <tag k="to" v="Hacıosman Metro"/>
    <tag k="type" v="route"/>
  </relation>
  <relation id="7722914" version="6" timestamp="2026-03-24T19:59:56Z" changeset="180373437" uid="3997418" user="Alikam">
    <member type="way" ref="31616594" role="inner"/>
    <member type="way" ref="31616582" role="inner"/>
    <member type="way" ref="31616587" role="inner"/>
    <member type="way" ref="31616654" role="inner"/>
    <member type="way" ref="31616578" role="inner"/>
    <member type="way" ref="1491971480" role="inner"/>
    <member type="way" ref="274716728" role="inner"/>
    <member type="way" ref="1491971482" role="inner"/>
    <member type="way" ref="274534678" role="outer"/>
    <member type="way" ref="1492357313" role="outer"/>
    <member type="way" ref="1492357314" role="outer"/>
    <member type="way" ref="1491971477" role="outer"/>
    <member type="way" ref="1491971478" role="outer"/>
    <member type="way" ref="1491971479" role="outer"/>
    <member type="way" ref="279454379" role="outer"/>
    <member type="way" ref="274460256" role="outer"/>
    <member type="way" ref="1492344439" role="outer"/>
    <member type="way" ref="361680210" role="inner"/>
    <member type="way" ref="355745356" role="inner"/>
    <member type="way" ref="355484854" role="inner"/>
    <member type="way" ref="361573268" role="inner"/>
    <member type="way" ref="282470569" role="inner"/>
    <member type="way" ref="31415813" role="inner"/>
    <member type="way" ref="1492344444" role="outer"/>
    <member type="way" ref="1492344440" role="outer"/>
    <member type="way" ref="364888941" role="outer"/>
    <member type="way" ref="1492344443" role="outer"/>
    <member type="way" ref="274510539" role="outer"/>
    <tag k="landuse" v="forest"/>
    <tag k="type" v="multipolygon"/>
  </relation>
  <relation id="8863414" version="23" timestamp="2026-01-19T22:06:44Z" changeset="177451373" uid="14025239" user="EDtheWARDen">
    <member type="node" ref="3687901856" role="platform"/>
    <member type="node" ref="11540389544" role="platform"/>
    <member type="node" ref="11540430959" role="platform"/>
    <member type="node" ref="11540431380" role="platform"/>
    <member type="node" ref="11540430931" role="platform"/>
    <member type="node" ref="11540430954" role="platform"/>
    <member type="node" ref="11540430943" role="platform"/>
    <member type="node" ref="3687901872" role="platform"/>
    <member type="node" ref="2201646431" role="platform"/>
    <member type="node" ref="11540430955" role="platform"/>
    <member type="node" ref="11540431378" role="platform"/>
    <member type="node" ref="11540430932" role="platform"/>
    <member type="node" ref="11540430939" role="platform"/>
    <member type="node" ref="11540430963" role="platform"/>
    <member type="node" ref="11540430952" role="platform"/>
    <member type="node" ref="11540430964" role="platform"/>
    <member type="node" ref="2885351518" role="platform"/>
    <member type="node" ref="2847386605" role="platform"/>
    <member type="node" ref="2847386601" role="platform"/>
    <member type="node" ref="13159520134" role="platform"/>
    <member type="node" ref="13159520135" role=""/>
    <member type="node" ref="2847386601" role=""/>
    <member type="node" ref="13159520136" role=""/>
    <member type="node" ref="13148046718" role="platform"/>
    <member type="node" ref="11540431377" role="platform"/>
    <member type="node" ref="11540430941" role="platform"/>
    <member type="node" ref="11540430926" role=""/>
    <member type="node" ref="11540430961" role="platform"/>
    <member type="node" ref="11540430968" role="platform"/>
    <member type="node" ref="11540431375" role="platform"/>
    <member type="node" ref="11540430948" role="platform"/>
    <member type="way" ref="1430365494" role=""/>
    <member type="way" ref="1006806697" role=""/>
    <member type="way" ref="282717614" role=""/>
    <member type="way" ref="1035820418" role=""/>
    <member type="way" ref="1035820416" role=""/>
    <member type="way" ref="730107376" role=""/>
    <member type="way" ref="231177766" role=""/>
    <member type="way" ref="1182793111" role=""/>
    <member type="way" ref="282709642" role=""/>
    <member type="way" ref="508172642" role=""/>
    <member type="way" ref="282709634" role=""/>
    <member type="way" ref="1453144585" role=""/>
    <member type="way" ref="284080138" role=""/>
    <member type="way" ref="1061694139" role=""/>
    <member type="way" ref="231295341" role=""/>
    <member type="way" ref="835789375" role=""/>
    <member type="way" ref="1211940079" role=""/>
    <member type="way" ref="577041937" role=""/>
    <member type="way" ref="1211940066" role=""/>
    <member type="way" ref="1211940067" role=""/>
    <member type="way" ref="283397373" role=""/>
    <member type="way" ref="227697273" role=""/>
    <member type="way" ref="24793113" role=""/>
    <member type="way" ref="231295340" role=""/>
    <member type="way" ref="364745911" role=""/>
    <member type="way" ref="231295348" role=""/>
    <member type="way" ref="835789380" role=""/>
    <member type="way" ref="231295368" role=""/>
    <member type="way" ref="231295383" role=""/>
    <member type="way" ref="31414984" role=""/>
    <member type="way" ref="231304029" role=""/>
    <member type="way" ref="217102106" role=""/>
    <member type="way" ref="231304073" role=""/>
    <member type="way" ref="231304069" role=""/>
    <member type="way" ref="231304006" role=""/>
    <member type="way" ref="241179292" role=""/>
    <member type="way" ref="282710655" role=""/>
    <member type="way" ref="365083362" role=""/>
    <member type="way" ref="31415564" role=""/>
    <member type="way" ref="365519074" role=""/>
    <member type="way" ref="217060961" role=""/>
    <member type="way" ref="217060966" role=""/>
    <member type="way" ref="217060897" role=""/>
    <member type="way" ref="785797340" role=""/>
    <member type="way" ref="783099098" role=""/>
    <member type="way" ref="783099097" role=""/>
    <member type="way" ref="31415755" role=""/>
    <member type="way" ref="282712531" role=""/>
    <member type="way" ref="31432716" role=""/>
    <member type="way" ref="693984781" role=""/>
    <member type="way" ref="639196517" role=""/>
    <member type="way" ref="242561025" role=""/>
    <member type="way" ref="31616323" role=""/>
    <member type="way" ref="281848851" role=""/>
    <member type="way" ref="281848852" role=""/>
    <tag k="from" v="Hacıosman Metro"/>
    <tag k="name" v="154 Hacıosman Metro → Koç Üniversitesi"/>
    <tag k="network" v="İETT"/>
    <tag k="network:wikidata" v="Q343136"/>
    <tag k="operator" v="IETT"/>
    <tag k="public_transport:version" v="2"/>
    <tag k="ref" v="154"/>
    <tag k="route" v="bus"/>
    <tag k="to" v="Koç Üniversitesi"/>
    <tag k="type" v="route"/>
  </relation>
  <relation id="19628658" version="1" timestamp="2025-09-21T11:13:20Z" changeset="172240125" uid="3997418" user="Alikam">
    <member type="relation" ref="8863414" role=""/>
    <member type="relation" ref="3743290" role=""/>
    <tag k="name" v="154 Hacıosman Metro - Koç Üniversitesi"/>
    <tag k="network" v="İETT"/>
    <tag k="network:wikidata" v="Q343136"/>
    <tag k="operator" v="İETT"/>
    <tag k="ref" v="154"/>
    <tag k="route_master" v="bus"/>
    <tag k="type" v="route_master"/>
  </relation>

</osm>
